user_id,movie_id,rating,timestamp,title,genre
7271,148,2,2022-01-01 00:00:00,Movie 96,Comedy
7271,148,2,2022-01-01 00:00:00,Movie 350,Action
5,148,4,2023-01-14 00:00:00,Movie 96,Comedy
5,148,4,2023-01-14 00:00:00,Movie 350,Action
9112,148,4,2024-05-10 00:00:00,Movie 96,Comedy
9112,148,4,2024-05-10 00:00:00,Movie 350,Action
861,610,3,2022-01-02 00:00:00,Movie 271,Comedy
861,610,3,2022-01-02 00:00:00,Movie 301,Romance
7555,610,4,2022-06-25 00:00:00,Movie 271,Comedy
7555,610,4,2022-06-25 00:00:00,Movie 301,Romance
607,610,2,2022-11-06 00:00:00,Movie 271,Comedy
607,610,2,2022-11-06 00:00:00,Movie 301,Romance
7988,610,2,2023-01-24 00:00:00,Movie 271,Comedy
7988,610,2,2023-01-24 00:00:00,Movie 301,Romance
5391,762,3,2022-01-03 00:00:00,Movie 347,Comedy
7099,762,5,2022-08-02 00:00:00,Movie 347,Comedy
6103,762,3,2022-11-14 00:00:00,Movie 347,Comedy
5192,571,4,2022-01-04 00:00:00,Movie 419,Romance
7028,571,2,2023-01-20 00:00:00,Movie 419,Romance
9761,571,4,2023-04-02 00:00:00,Movie 419,Romance
5735,588,5,2022-01-05 00:00:00,Movie 289,Romance
6266,700,1,2022-01-06 00:00:00,Movie 212,Romance
467,172,5,2022-01-07 00:00:00,Movie 381,Action
4427,727,5,2022-01-08 00:00:00,Movie 247,Horror
4427,727,5,2022-01-08 00:00:00,Movie 272,Drama
4427,727,5,2022-01-08 00:00:00,Movie 408,Drama
4427,727,5,2022-01-08 00:00:00,Movie 446,Action
9275,727,2,2022-01-23 00:00:00,Movie 247,Horror
9275,727,2,2022-01-23 00:00:00,Movie 272,Drama
9275,727,2,2022-01-23 00:00:00,Movie 408,Drama
9275,727,2,2022-01-23 00:00:00,Movie 446,Action
8933,727,2,2023-02-04 00:00:00,Movie 247,Horror
8933,727,2,2023-02-04 00:00:00,Movie 272,Drama
8933,727,2,2023-02-04 00:00:00,Movie 408,Drama
8933,727,2,2023-02-04 00:00:00,Movie 446,Action
4453,727,4,2023-03-13 00:00:00,Movie 247,Horror
4453,727,4,2023-03-13 00:00:00,Movie 272,Drama
4453,727,4,2023-03-13 00:00:00,Movie 408,Drama
4453,727,4,2023-03-13 00:00:00,Movie 446,Action
2746,727,4,2023-09-27 00:00:00,Movie 247,Horror
2746,727,4,2023-09-27 00:00:00,Movie 272,Drama
2746,727,4,2023-09-27 00:00:00,Movie 408,Drama
2746,727,4,2023-09-27 00:00:00,Movie 446,Action
6883,727,1,2024-03-24 00:00:00,Movie 247,Horror
6883,727,1,2024-03-24 00:00:00,Movie 272,Drama
6883,727,1,2024-03-24 00:00:00,Movie 408,Drama
6883,727,1,2024-03-24 00:00:00,Movie 446,Action
9796,727,4,2024-04-09 00:00:00,Movie 247,Horror
9796,727,4,2024-04-09 00:00:00,Movie 272,Drama
9796,727,4,2024-04-09 00:00:00,Movie 408,Drama
9796,727,4,2024-04-09 00:00:00,Movie 446,Action
5579,655,4,2022-01-09 00:00:00,Movie 418,Drama
5727,655,3,2023-04-15 00:00:00,Movie 418,Drama
8323,529,1,2022-01-10 00:00:00,Movie 66,Romance
3267,529,4,2024-02-03 00:00:00,Movie 66,Romance
1686,397,4,2022-01-11 00:00:00,Movie 483,Comedy
8692,397,3,2023-07-22 00:00:00,Movie 483,Comedy
770,47,1,2022-01-12 00:00:00,Movie 424,Sci-Fi
8530,47,3,2022-03-17 00:00:00,Movie 424,Sci-Fi
5057,47,4,2022-04-21 00:00:00,Movie 424,Sci-Fi
3697,47,4,2022-06-28 00:00:00,Movie 424,Sci-Fi
4549,47,1,2022-08-29 00:00:00,Movie 424,Sci-Fi
7344,47,4,2022-12-07 00:00:00,Movie 424,Sci-Fi
667,47,1,2024-02-04 00:00:00,Movie 424,Sci-Fi
6950,128,2,2022-01-13 00:00:00,Movie 248,Romance
6950,128,2,2022-01-13 00:00:00,Movie 277,Action
9147,128,3,2022-10-07 00:00:00,Movie 248,Romance
9147,128,3,2022-10-07 00:00:00,Movie 277,Action
2839,128,3,2023-02-07 00:00:00,Movie 248,Romance
2839,128,3,2023-02-07 00:00:00,Movie 277,Action
7940,128,3,2023-11-25 00:00:00,Movie 248,Romance
7940,128,3,2023-11-25 00:00:00,Movie 277,Action
9505,128,2,2024-04-26 00:00:00,Movie 248,Romance
9505,128,2,2024-04-26 00:00:00,Movie 277,Action
2434,476,1,2022-01-14 00:00:00,Movie 99,Sci-Fi
2434,476,1,2022-01-14 00:00:00,Movie 156,Sci-Fi
2434,476,1,2022-01-14 00:00:00,Movie 311,Action
8005,476,1,2022-07-19 00:00:00,Movie 99,Sci-Fi
8005,476,1,2022-07-19 00:00:00,Movie 156,Sci-Fi
8005,476,1,2022-07-19 00:00:00,Movie 311,Action
7080,476,4,2023-01-23 00:00:00,Movie 99,Sci-Fi
7080,476,4,2023-01-23 00:00:00,Movie 156,Sci-Fi
7080,476,4,2023-01-23 00:00:00,Movie 311,Action
1665,476,2,2023-02-12 00:00:00,Movie 99,Sci-Fi
1665,476,2,2023-02-12 00:00:00,Movie 156,Sci-Fi
1665,476,2,2023-02-12 00:00:00,Movie 311,Action
3148,476,4,2023-02-26 00:00:00,Movie 99,Sci-Fi
3148,476,4,2023-02-26 00:00:00,Movie 156,Sci-Fi
3148,476,4,2023-02-26 00:00:00,Movie 311,Action
7391,476,4,2023-03-17 00:00:00,Movie 99,Sci-Fi
7391,476,4,2023-03-17 00:00:00,Movie 156,Sci-Fi
7391,476,4,2023-03-17 00:00:00,Movie 311,Action
7420,476,4,2023-07-30 00:00:00,Movie 99,Sci-Fi
7420,476,4,2023-07-30 00:00:00,Movie 156,Sci-Fi
7420,476,4,2023-07-30 00:00:00,Movie 311,Action
9334,476,5,2024-05-25 00:00:00,Movie 99,Sci-Fi
9334,476,5,2024-05-25 00:00:00,Movie 156,Sci-Fi
9334,476,5,2024-05-25 00:00:00,Movie 311,Action
5312,202,4,2022-01-15 00:00:00,Movie 47,Romance
5856,202,2,2022-07-03 00:00:00,Movie 47,Romance
8528,202,3,2023-03-25 00:00:00,Movie 47,Romance
5030,202,5,2023-08-26 00:00:00,Movie 47,Romance
5052,538,5,2022-01-16 00:00:00,Movie 423,Sci-Fi
1046,538,1,2022-10-10 00:00:00,Movie 423,Sci-Fi
6972,538,5,2022-12-16 00:00:00,Movie 423,Sci-Fi
6421,402,1,2022-01-17 00:00:00,Movie 454,Romance
7510,402,2,2023-01-06 00:00:00,Movie 454,Romance
1185,330,1,2022-01-18 00:00:00,Movie 201,Drama
1185,330,1,2022-01-18 00:00:00,Movie 394,Horror
5464,330,5,2022-03-31 00:00:00,Movie 201,Drama
5464,330,5,2022-03-31 00:00:00,Movie 394,Horror
664,330,5,2022-06-14 00:00:00,Movie 201,Drama
664,330,5,2022-06-14 00:00:00,Movie 394,Horror
4147,330,5,2022-12-31 00:00:00,Movie 201,Drama
4147,330,5,2022-12-31 00:00:00,Movie 394,Horror
8083,330,1,2023-06-03 00:00:00,Movie 201,Drama
8083,330,1,2023-06-03 00:00:00,Movie 394,Horror
5998,330,2,2023-11-21 00:00:00,Movie 201,Drama
5998,330,2,2023-11-21 00:00:00,Movie 394,Horror
5116,330,3,2023-12-31 00:00:00,Movie 201,Drama
5116,330,3,2023-12-31 00:00:00,Movie 394,Horror
8568,330,4,2024-06-29 00:00:00,Movie 201,Drama
8568,330,4,2024-06-29 00:00:00,Movie 394,Horror
4821,330,1,2024-07-16 00:00:00,Movie 201,Drama
4821,330,1,2024-07-16 00:00:00,Movie 394,Horror
4556,458,3,2022-01-19 00:00:00,Movie 148,Comedy
5879,458,5,2023-03-26 00:00:00,Movie 148,Comedy
1977,458,5,2024-03-31 00:00:00,Movie 148,Comedy
3386,19,5,2022-01-20 00:00:00,Movie 124,Sci-Fi
3562,19,5,2022-04-09 00:00:00,Movie 124,Sci-Fi
729,19,2,2023-05-27 00:00:00,Movie 124,Sci-Fi
6397,616,2,2022-01-21 00:00:00,Movie 1,Comedy
6397,616,2,2022-01-21 00:00:00,Movie 372,Sci-Fi
7684,616,4,2022-10-24 00:00:00,Movie 1,Comedy
7684,616,4,2022-10-24 00:00:00,Movie 372,Sci-Fi
6242,616,3,2023-12-22 00:00:00,Movie 1,Comedy
6242,616,3,2023-12-22 00:00:00,Movie 372,Sci-Fi
8667,490,4,2022-01-22 00:00:00,Movie 456,Romance
2206,490,5,2022-10-30 00:00:00,Movie 456,Romance
5751,490,3,2024-03-28 00:00:00,Movie 456,Romance
2559,406,5,2022-01-24 00:00:00,Movie 343,Horror
7281,406,4,2022-06-26 00:00:00,Movie 343,Horror
3328,406,1,2022-11-16 00:00:00,Movie 343,Horror
9349,406,2,2023-06-27 00:00:00,Movie 343,Horror
8660,406,1,2024-05-14 00:00:00,Movie 343,Horror
2244,406,3,2024-08-29 00:00:00,Movie 343,Horror
7850,371,1,2022-01-25 00:00:00,Movie 39,Drama
7850,371,1,2022-01-25 00:00:00,Movie 128,Comedy
7850,371,1,2022-01-25 00:00:00,Movie 323,Action
7042,371,3,2022-02-15 00:00:00,Movie 39,Drama
7042,371,3,2022-02-15 00:00:00,Movie 128,Comedy
7042,371,3,2022-02-15 00:00:00,Movie 323,Action
3437,371,3,2022-10-13 00:00:00,Movie 39,Drama
3437,371,3,2022-10-13 00:00:00,Movie 128,Comedy
3437,371,3,2022-10-13 00:00:00,Movie 323,Action
575,371,1,2023-01-02 00:00:00,Movie 39,Drama
575,371,1,2023-01-02 00:00:00,Movie 128,Comedy
575,371,1,2023-01-02 00:00:00,Movie 323,Action
1634,371,5,2023-11-04 00:00:00,Movie 39,Drama
1634,371,5,2023-11-04 00:00:00,Movie 128,Comedy
1634,371,5,2023-11-04 00:00:00,Movie 323,Action
7246,371,2,2023-11-19 00:00:00,Movie 39,Drama
7246,371,2,2023-11-19 00:00:00,Movie 128,Comedy
7246,371,2,2023-11-19 00:00:00,Movie 323,Action
9551,371,1,2023-12-30 00:00:00,Movie 39,Drama
9551,371,1,2023-12-30 00:00:00,Movie 128,Comedy
9551,371,1,2023-12-30 00:00:00,Movie 323,Action
2048,500,1,2022-01-26 00:00:00,Movie 191,Action
2048,500,1,2022-01-26 00:00:00,Movie 237,Sci-Fi
1900,500,2,2022-02-03 00:00:00,Movie 191,Action
1900,500,2,2022-02-03 00:00:00,Movie 237,Sci-Fi
3171,500,4,2022-09-02 00:00:00,Movie 191,Action
3171,500,4,2022-09-02 00:00:00,Movie 237,Sci-Fi
4893,500,5,2024-01-06 00:00:00,Movie 191,Action
4893,500,5,2024-01-06 00:00:00,Movie 237,Sci-Fi
9362,500,4,2024-04-13 00:00:00,Movie 191,Action
9362,500,4,2024-04-13 00:00:00,Movie 237,Sci-Fi
4613,500,5,2024-08-31 00:00:00,Movie 191,Action
4613,500,5,2024-08-31 00:00:00,Movie 237,Sci-Fi
2748,640,5,2022-01-27 00:00:00,Movie 67,Sci-Fi
9340,640,4,2022-07-27 00:00:00,Movie 67,Sci-Fi
7544,640,2,2023-05-02 00:00:00,Movie 67,Sci-Fi
4674,640,5,2023-12-17 00:00:00,Movie 67,Sci-Fi
9168,460,1,2022-01-28 00:00:00,Movie 4,Action
9999,688,1,2022-01-29 00:00:00,Movie 442,Drama
190,485,1,2022-01-30 00:00:00,Movie 409,Drama
5178,485,3,2023-02-02 00:00:00,Movie 409,Drama
2735,749,4,2022-01-31 00:00:00,Movie 303,Action
1078,749,3,2023-12-06 00:00:00,Movie 303,Action
4671,749,3,2024-07-31 00:00:00,Movie 303,Action
3006,981,4,2022-02-01 00:00:00,Movie 294,Drama
3006,981,4,2022-02-01 00:00:00,Movie 310,Comedy
3006,981,4,2022-02-01 00:00:00,Movie 432,Romance
8685,981,5,2022-03-24 00:00:00,Movie 294,Drama
8685,981,5,2022-03-24 00:00:00,Movie 310,Comedy
8685,981,5,2022-03-24 00:00:00,Movie 432,Romance
2694,981,2,2022-05-27 00:00:00,Movie 294,Drama
2694,981,2,2022-05-27 00:00:00,Movie 310,Comedy
2694,981,2,2022-05-27 00:00:00,Movie 432,Romance
7401,981,2,2022-09-01 00:00:00,Movie 294,Drama
7401,981,2,2022-09-01 00:00:00,Movie 310,Comedy
7401,981,2,2022-09-01 00:00:00,Movie 432,Romance
4494,981,4,2022-09-27 00:00:00,Movie 294,Drama
4494,981,4,2022-09-27 00:00:00,Movie 310,Comedy
4494,981,4,2022-09-27 00:00:00,Movie 432,Romance
8309,981,5,2023-02-05 00:00:00,Movie 294,Drama
8309,981,5,2023-02-05 00:00:00,Movie 310,Comedy
8309,981,5,2023-02-05 00:00:00,Movie 432,Romance
1067,981,4,2023-04-11 00:00:00,Movie 294,Drama
1067,981,4,2023-04-11 00:00:00,Movie 310,Comedy
1067,981,4,2023-04-11 00:00:00,Movie 432,Romance
824,981,4,2023-08-24 00:00:00,Movie 294,Drama
824,981,4,2023-08-24 00:00:00,Movie 310,Comedy
824,981,4,2023-08-24 00:00:00,Movie 432,Romance
4001,981,1,2023-11-03 00:00:00,Movie 294,Drama
4001,981,1,2023-11-03 00:00:00,Movie 310,Comedy
4001,981,1,2023-11-03 00:00:00,Movie 432,Romance
6,981,4,2024-05-12 00:00:00,Movie 294,Drama
6,981,4,2024-05-12 00:00:00,Movie 310,Comedy
6,981,4,2024-05-12 00:00:00,Movie 432,Romance
420,981,3,2024-08-23 00:00:00,Movie 294,Drama
420,981,3,2024-08-23 00:00:00,Movie 310,Comedy
420,981,3,2024-08-23 00:00:00,Movie 432,Romance
794,981,2,2024-09-16 00:00:00,Movie 294,Drama
794,981,2,2024-09-16 00:00:00,Movie 310,Comedy
794,981,2,2024-09-16 00:00:00,Movie 432,Romance
4659,55,3,2022-02-02 00:00:00,Movie 143,Horror
4659,55,3,2022-02-02 00:00:00,Movie 155,Drama
4659,55,3,2022-02-02 00:00:00,Movie 339,Comedy
1842,55,4,2022-12-14 00:00:00,Movie 143,Horror
1842,55,4,2022-12-14 00:00:00,Movie 155,Drama
1842,55,4,2022-12-14 00:00:00,Movie 339,Comedy
9908,55,5,2023-01-07 00:00:00,Movie 143,Horror
9908,55,5,2023-01-07 00:00:00,Movie 155,Drama
9908,55,5,2023-01-07 00:00:00,Movie 339,Comedy
5989,55,4,2023-05-07 00:00:00,Movie 143,Horror
5989,55,4,2023-05-07 00:00:00,Movie 155,Drama
5989,55,4,2023-05-07 00:00:00,Movie 339,Comedy
7735,297,5,2022-02-04 00:00:00,Movie 21,Sci-Fi
4932,297,3,2022-07-12 00:00:00,Movie 21,Sci-Fi
5294,297,3,2023-07-11 00:00:00,Movie 21,Sci-Fi
5127,297,2,2024-03-12 00:00:00,Movie 21,Sci-Fi
2899,297,1,2024-07-17 00:00:00,Movie 21,Sci-Fi
815,297,4,2024-09-20 00:00:00,Movie 21,Sci-Fi
1268,261,5,2022-02-05 00:00:00,Movie 227,Horror
5978,261,5,2022-05-03 00:00:00,Movie 227,Horror
1249,261,3,2024-08-05 00:00:00,Movie 227,Horror
2444,261,2,2024-09-23 00:00:00,Movie 227,Horror
1529,634,5,2022-02-06 00:00:00,Movie 313,Action
2480,634,2,2023-03-08 00:00:00,Movie 313,Action
2798,634,2,2024-03-16 00:00:00,Movie 313,Action
985,634,5,2024-09-25 00:00:00,Movie 313,Action
3557,285,3,2022-02-07 00:00:00,Movie 83,Action
3557,285,3,2022-02-07 00:00:00,Movie 117,Horror
3557,285,3,2022-02-07 00:00:00,Movie 211,Drama
7209,285,2,2022-03-25 00:00:00,Movie 83,Action
7209,285,2,2022-03-25 00:00:00,Movie 117,Horror
7209,285,2,2022-03-25 00:00:00,Movie 211,Drama
4778,285,4,2023-01-08 00:00:00,Movie 83,Action
4778,285,4,2023-01-08 00:00:00,Movie 117,Horror
4778,285,4,2023-01-08 00:00:00,Movie 211,Drama
1215,285,4,2023-08-21 00:00:00,Movie 83,Action
1215,285,4,2023-08-21 00:00:00,Movie 117,Horror
1215,285,4,2023-08-21 00:00:00,Movie 211,Drama
9092,285,4,2024-01-30 00:00:00,Movie 83,Action
9092,285,4,2024-01-30 00:00:00,Movie 117,Horror
9092,285,4,2024-01-30 00:00:00,Movie 211,Drama
261,285,5,2024-06-10 00:00:00,Movie 83,Action
261,285,5,2024-06-10 00:00:00,Movie 117,Horror
261,285,5,2024-06-10 00:00:00,Movie 211,Drama
7578,285,4,2024-07-20 00:00:00,Movie 83,Action
7578,285,4,2024-07-20 00:00:00,Movie 117,Horror
7578,285,4,2024-07-20 00:00:00,Movie 211,Drama
3891,335,4,2022-02-08 00:00:00,Movie 437,Horror
2732,335,5,2022-04-18 00:00:00,Movie 437,Horror
5238,335,1,2023-02-16 00:00:00,Movie 437,Horror
2780,335,1,2023-10-09 00:00:00,Movie 437,Horror
6810,335,2,2024-03-10 00:00:00,Movie 437,Horror
8839,268,3,2022-02-09 00:00:00,Movie 302,Horror
8839,268,3,2022-02-09 00:00:00,Movie 417,Horror
3749,268,4,2022-06-13 00:00:00,Movie 302,Horror
3749,268,4,2022-06-13 00:00:00,Movie 417,Horror
1649,268,2,2022-09-10 00:00:00,Movie 302,Horror
1649,268,2,2022-09-10 00:00:00,Movie 417,Horror
302,268,2,2022-11-05 00:00:00,Movie 302,Horror
302,268,2,2022-11-05 00:00:00,Movie 417,Horror
9950,268,2,2023-03-12 00:00:00,Movie 302,Horror
9950,268,2,2023-03-12 00:00:00,Movie 417,Horror
3720,268,1,2023-09-26 00:00:00,Movie 302,Horror
3720,268,1,2023-09-26 00:00:00,Movie 417,Horror
3491,268,4,2024-06-23 00:00:00,Movie 302,Horror
3491,268,4,2024-06-23 00:00:00,Movie 417,Horror
3392,268,4,2024-07-07 00:00:00,Movie 302,Horror
3392,268,4,2024-07-07 00:00:00,Movie 417,Horror
5394,141,5,2022-02-10 00:00:00,Movie 107,Action
5394,141,5,2022-02-10 00:00:00,Movie 500,Drama
3105,141,3,2022-04-14 00:00:00,Movie 107,Action
3105,141,3,2022-04-14 00:00:00,Movie 500,Drama
7561,141,4,2023-02-09 00:00:00,Movie 107,Action
7561,141,4,2023-02-09 00:00:00,Movie 500,Drama
5487,141,2,2023-06-10 00:00:00,Movie 107,Action
5487,141,2,2023-06-10 00:00:00,Movie 500,Drama
3597,141,4,2024-04-07 00:00:00,Movie 107,Action
3597,141,4,2024-04-07 00:00:00,Movie 500,Drama
6284,141,5,2024-05-29 00:00:00,Movie 107,Action
6284,141,5,2024-05-29 00:00:00,Movie 500,Drama
8793,925,2,2022-02-11 00:00:00,Movie 142,Comedy
162,925,3,2022-03-06 00:00:00,Movie 142,Comedy
4489,925,3,2022-04-30 00:00:00,Movie 142,Comedy
3109,925,1,2022-08-30 00:00:00,Movie 142,Comedy
8434,722,1,2022-02-12 00:00:00,Movie 484,Sci-Fi
1325,722,5,2023-07-27 00:00:00,Movie 484,Sci-Fi
8153,722,3,2024-03-27 00:00:00,Movie 484,Sci-Fi
7514,159,4,2022-02-13 00:00:00,Movie 460,Horror
2061,159,5,2024-06-15 00:00:00,Movie 460,Horror
2613,592,4,2022-02-14 00:00:00,Movie 401,Horror
5760,592,5,2022-08-13 00:00:00,Movie 401,Horror
8336,592,2,2023-06-11 00:00:00,Movie 401,Horror
8151,592,1,2024-03-07 00:00:00,Movie 401,Horror
8513,592,5,2024-06-18 00:00:00,Movie 401,Horror
2137,592,2,2024-07-24 00:00:00,Movie 401,Horror
9556,17,4,2022-02-16 00:00:00,Movie 284,Comedy
9556,17,4,2022-02-16 00:00:00,Movie 367,Horror
9556,17,4,2022-02-16 00:00:00,Movie 393,Action
2028,17,1,2022-04-01 00:00:00,Movie 284,Comedy
2028,17,1,2022-04-01 00:00:00,Movie 367,Horror
2028,17,1,2022-04-01 00:00:00,Movie 393,Action
7995,17,3,2022-06-16 00:00:00,Movie 284,Comedy
7995,17,3,2022-06-16 00:00:00,Movie 367,Horror
7995,17,3,2022-06-16 00:00:00,Movie 393,Action
5950,17,1,2023-02-06 00:00:00,Movie 284,Comedy
5950,17,1,2023-02-06 00:00:00,Movie 367,Horror
5950,17,1,2023-02-06 00:00:00,Movie 393,Action
3710,17,4,2023-08-12 00:00:00,Movie 284,Comedy
3710,17,4,2023-08-12 00:00:00,Movie 367,Horror
3710,17,4,2023-08-12 00:00:00,Movie 393,Action
6029,17,2,2024-09-02 00:00:00,Movie 284,Comedy
6029,17,2,2024-09-02 00:00:00,Movie 367,Horror
6029,17,2,2024-09-02 00:00:00,Movie 393,Action
6236,849,5,2022-02-17 00:00:00,Movie 92,Action
6236,849,5,2022-02-17 00:00:00,Movie 355,Sci-Fi
5424,849,3,2022-08-28 00:00:00,Movie 92,Action
5424,849,3,2022-08-28 00:00:00,Movie 355,Sci-Fi
6173,849,3,2023-07-18 00:00:00,Movie 92,Action
6173,849,3,2023-07-18 00:00:00,Movie 355,Sci-Fi
3325,849,2,2023-10-13 00:00:00,Movie 92,Action
3325,849,2,2023-10-13 00:00:00,Movie 355,Sci-Fi
6270,849,3,2024-01-19 00:00:00,Movie 92,Action
6270,849,3,2024-01-19 00:00:00,Movie 355,Sci-Fi
5143,849,2,2024-07-30 00:00:00,Movie 92,Action
5143,849,2,2024-07-30 00:00:00,Movie 355,Sci-Fi
5487,115,5,2022-02-18 00:00:00,Movie 252,Sci-Fi
3487,115,5,2023-07-31 00:00:00,Movie 252,Sci-Fi
346,115,4,2024-09-21 00:00:00,Movie 252,Sci-Fi
7100,187,3,2022-02-19 00:00:00,Movie 333,Romance
9152,187,4,2022-10-20 00:00:00,Movie 333,Romance
9671,624,5,2022-02-20 00:00:00,Movie 207,Sci-Fi
776,548,2,2022-02-21 00:00:00,Movie 210,Romance
776,548,2,2022-02-21 00:00:00,Movie 348,Drama
7778,548,3,2022-07-21 00:00:00,Movie 210,Romance
7778,548,3,2022-07-21 00:00:00,Movie 348,Drama
1960,548,4,2022-08-12 00:00:00,Movie 210,Romance
1960,548,4,2022-08-12 00:00:00,Movie 348,Drama
9359,548,2,2022-12-28 00:00:00,Movie 210,Romance
9359,548,2,2022-12-28 00:00:00,Movie 348,Drama
5766,548,3,2024-08-12 00:00:00,Movie 210,Romance
5766,548,3,2024-08-12 00:00:00,Movie 348,Drama
8227,32,3,2022-02-22 00:00:00,Movie 115,Horror
3153,396,2,2022-02-23 00:00:00,Movie 225,Comedy
5802,396,5,2022-12-10 00:00:00,Movie 225,Comedy
4159,396,5,2023-10-29 00:00:00,Movie 225,Comedy
1586,114,1,2022-02-24 00:00:00,Movie 134,Romance
7187,114,1,2023-05-31 00:00:00,Movie 134,Romance
3944,882,2,2022-02-25 00:00:00,Movie 88,Drama
3944,882,2,2022-02-25 00:00:00,Movie 251,Comedy
5893,882,1,2022-04-08 00:00:00,Movie 88,Drama
5893,882,1,2022-04-08 00:00:00,Movie 251,Comedy
8196,882,5,2024-05-15 00:00:00,Movie 88,Drama
8196,882,5,2024-05-15 00:00:00,Movie 251,Comedy
7556,523,1,2022-02-26 00:00:00,Movie 219,Romance
1582,523,2,2023-10-11 00:00:00,Movie 219,Romance
3074,81,1,2022-02-27 00:00:00,Movie 407,Romance
540,81,2,2023-09-29 00:00:00,Movie 407,Romance
1022,840,2,2022-02-28 00:00:00,Movie 10,Horror
1022,840,2,2022-02-28 00:00:00,Movie 443,Romance
7036,840,1,2022-05-05 00:00:00,Movie 10,Horror
7036,840,1,2022-05-05 00:00:00,Movie 443,Romance
413,840,1,2023-05-01 00:00:00,Movie 10,Horror
413,840,1,2023-05-01 00:00:00,Movie 443,Romance
7267,840,1,2023-11-05 00:00:00,Movie 10,Horror
7267,840,1,2023-11-05 00:00:00,Movie 443,Romance
3087,840,4,2024-03-26 00:00:00,Movie 10,Horror
3087,840,4,2024-03-26 00:00:00,Movie 443,Romance
3844,967,3,2022-03-01 00:00:00,Movie 76,Drama
3844,967,3,2022-03-01 00:00:00,Movie 91,Romance
855,967,4,2022-07-01 00:00:00,Movie 76,Drama
855,967,4,2022-07-01 00:00:00,Movie 91,Romance
6288,967,2,2022-07-25 00:00:00,Movie 76,Drama
6288,967,2,2022-07-25 00:00:00,Movie 91,Romance
505,967,1,2023-08-20 00:00:00,Movie 76,Drama
505,967,1,2023-08-20 00:00:00,Movie 91,Romance
7990,491,5,2022-03-02 00:00:00,Movie 188,Sci-Fi
7990,491,5,2022-03-02 00:00:00,Movie 354,Horror
3344,491,4,2023-02-20 00:00:00,Movie 188,Sci-Fi
3344,491,4,2023-02-20 00:00:00,Movie 354,Horror
9663,491,1,2023-02-22 00:00:00,Movie 188,Sci-Fi
9663,491,1,2023-02-22 00:00:00,Movie 354,Horror
4331,491,3,2023-07-01 00:00:00,Movie 188,Sci-Fi
4331,491,3,2023-07-01 00:00:00,Movie 354,Horror
7495,491,1,2023-07-25 00:00:00,Movie 188,Sci-Fi
7495,491,1,2023-07-25 00:00:00,Movie 354,Horror
1532,491,3,2023-08-22 00:00:00,Movie 188,Sci-Fi
1532,491,3,2023-08-22 00:00:00,Movie 354,Horror
7649,491,2,2023-12-29 00:00:00,Movie 188,Sci-Fi
7649,491,2,2023-12-29 00:00:00,Movie 354,Horror
761,491,1,2024-01-23 00:00:00,Movie 188,Sci-Fi
761,491,1,2024-01-23 00:00:00,Movie 354,Horror
4778,491,1,2024-02-12 00:00:00,Movie 188,Sci-Fi
4778,491,1,2024-02-12 00:00:00,Movie 354,Horror
1461,491,1,2024-04-27 00:00:00,Movie 188,Sci-Fi
1461,491,1,2024-04-27 00:00:00,Movie 354,Horror
9693,803,5,2022-03-03 00:00:00,Movie 53,Drama
9693,803,5,2022-03-03 00:00:00,Movie 181,Action
9693,803,5,2022-03-03 00:00:00,Movie 376,Comedy
6911,803,5,2022-04-27 00:00:00,Movie 53,Drama
6911,803,5,2022-04-27 00:00:00,Movie 181,Action
6911,803,5,2022-04-27 00:00:00,Movie 376,Comedy
5746,803,3,2023-04-29 00:00:00,Movie 53,Drama
5746,803,3,2023-04-29 00:00:00,Movie 181,Action
5746,803,3,2023-04-29 00:00:00,Movie 376,Comedy
639,803,2,2024-03-04 00:00:00,Movie 53,Drama
639,803,2,2024-03-04 00:00:00,Movie 181,Action
639,803,2,2024-03-04 00:00:00,Movie 376,Comedy
1647,803,2,2024-03-14 00:00:00,Movie 53,Drama
1647,803,2,2024-03-14 00:00:00,Movie 181,Action
1647,803,2,2024-03-14 00:00:00,Movie 376,Comedy
6169,803,5,2024-04-08 00:00:00,Movie 53,Drama
6169,803,5,2024-04-08 00:00:00,Movie 181,Action
6169,803,5,2024-04-08 00:00:00,Movie 376,Comedy
6874,137,1,2022-03-04 00:00:00,Movie 46,Romance
6874,137,1,2022-03-04 00:00:00,Movie 440,Comedy
7997,137,2,2022-10-22 00:00:00,Movie 46,Romance
7997,137,2,2022-10-22 00:00:00,Movie 440,Comedy
2850,137,5,2023-03-16 00:00:00,Movie 46,Romance
2850,137,5,2023-03-16 00:00:00,Movie 440,Comedy
2083,137,3,2023-04-18 00:00:00,Movie 46,Romance
2083,137,3,2023-04-18 00:00:00,Movie 440,Comedy
5646,137,2,2023-09-08 00:00:00,Movie 46,Romance
5646,137,2,2023-09-08 00:00:00,Movie 440,Comedy
2205,137,4,2024-08-24 00:00:00,Movie 46,Romance
2205,137,4,2024-08-24 00:00:00,Movie 440,Comedy
5676,567,1,2022-03-05 00:00:00,Movie 38,Horror
203,567,4,2022-07-14 00:00:00,Movie 38,Horror
4298,63,4,2022-03-07 00:00:00,Movie 84,Comedy
4298,63,4,2022-03-07 00:00:00,Movie 100,Horror
7893,63,2,2022-03-14 00:00:00,Movie 84,Comedy
7893,63,2,2022-03-14 00:00:00,Movie 100,Horror
7207,63,5,2022-12-08 00:00:00,Movie 84,Comedy
7207,63,5,2022-12-08 00:00:00,Movie 100,Horror
6458,63,5,2023-01-05 00:00:00,Movie 84,Comedy
6458,63,5,2023-01-05 00:00:00,Movie 100,Horror
9828,63,2,2023-03-10 00:00:00,Movie 84,Comedy
9828,63,2,2023-03-10 00:00:00,Movie 100,Horror
6989,63,2,2024-06-05 00:00:00,Movie 84,Comedy
6989,63,2,2024-06-05 00:00:00,Movie 100,Horror
5568,63,3,2024-08-15 00:00:00,Movie 84,Comedy
5568,63,3,2024-08-15 00:00:00,Movie 100,Horror
2337,63,4,2024-08-27 00:00:00,Movie 84,Comedy
2337,63,4,2024-08-27 00:00:00,Movie 100,Horror
996,296,2,2022-03-08 00:00:00,Movie 20,Drama
996,296,2,2022-03-08 00:00:00,Movie 328,Sci-Fi
996,296,2,2022-03-08 00:00:00,Movie 366,Comedy
1257,296,2,2023-09-06 00:00:00,Movie 20,Drama
1257,296,2,2023-09-06 00:00:00,Movie 328,Sci-Fi
1257,296,2,2023-09-06 00:00:00,Movie 366,Comedy
7419,296,2,2023-10-23 00:00:00,Movie 20,Drama
7419,296,2,2023-10-23 00:00:00,Movie 328,Sci-Fi
7419,296,2,2023-10-23 00:00:00,Movie 366,Comedy
6971,296,3,2023-10-31 00:00:00,Movie 20,Drama
6971,296,3,2023-10-31 00:00:00,Movie 328,Sci-Fi
6971,296,3,2023-10-31 00:00:00,Movie 366,Comedy
6289,296,1,2024-04-06 00:00:00,Movie 20,Drama
6289,296,1,2024-04-06 00:00:00,Movie 328,Sci-Fi
6289,296,1,2024-04-06 00:00:00,Movie 366,Comedy
7630,452,1,2022-03-09 00:00:00,Movie 190,Drama
9638,452,3,2022-09-12 00:00:00,Movie 190,Drama
9468,1,5,2022-03-10 00:00:00,Movie 35,Sci-Fi
5451,1,5,2022-05-30 00:00:00,Movie 35,Sci-Fi
3305,1,1,2022-06-18 00:00:00,Movie 35,Sci-Fi
4493,1,4,2023-05-29 00:00:00,Movie 35,Sci-Fi
9767,1,5,2023-12-01 00:00:00,Movie 35,Sci-Fi
7731,1,2,2024-01-04 00:00:00,Movie 35,Sci-Fi
1017,778,3,2022-03-11 00:00:00,Movie 147,Sci-Fi
1017,778,3,2022-03-11 00:00:00,Movie 426,Action
8007,778,3,2022-03-29 00:00:00,Movie 147,Sci-Fi
8007,778,3,2022-03-29 00:00:00,Movie 426,Action
5250,778,3,2022-07-06 00:00:00,Movie 147,Sci-Fi
5250,778,3,2022-07-06 00:00:00,Movie 426,Action
4894,778,1,2022-10-18 00:00:00,Movie 147,Sci-Fi
4894,778,1,2022-10-18 00:00:00,Movie 426,Action
785,778,3,2022-12-04 00:00:00,Movie 147,Sci-Fi
785,778,3,2022-12-04 00:00:00,Movie 426,Action
3767,778,2,2023-05-21 00:00:00,Movie 147,Sci-Fi
3767,778,2,2023-05-21 00:00:00,Movie 426,Action
3073,778,5,2023-08-18 00:00:00,Movie 147,Sci-Fi
3073,778,5,2023-08-18 00:00:00,Movie 426,Action
3331,778,2,2023-09-13 00:00:00,Movie 147,Sci-Fi
3331,778,2,2023-09-13 00:00:00,Movie 426,Action
6939,778,4,2023-11-01 00:00:00,Movie 147,Sci-Fi
6939,778,4,2023-11-01 00:00:00,Movie 426,Action
2049,778,5,2024-05-30 00:00:00,Movie 147,Sci-Fi
2049,778,5,2024-05-30 00:00:00,Movie 426,Action
7870,622,2,2022-03-12 00:00:00,Movie 30,Comedy
7405,622,1,2023-02-19 00:00:00,Movie 30,Comedy
3441,622,1,2023-05-20 00:00:00,Movie 30,Comedy
1253,622,2,2023-12-15 00:00:00,Movie 30,Comedy
233,622,5,2024-04-12 00:00:00,Movie 30,Comedy
6440,807,3,2022-03-13 00:00:00,Movie 334,Comedy
1485,807,3,2022-05-06 00:00:00,Movie 334,Comedy
6864,217,2,2022-03-15 00:00:00,Movie 369,Action
9790,217,3,2022-05-26 00:00:00,Movie 369,Action
5540,217,4,2022-09-11 00:00:00,Movie 369,Action
3914,217,5,2023-04-10 00:00:00,Movie 369,Action
4172,217,3,2023-06-04 00:00:00,Movie 369,Action
7450,217,2,2023-10-28 00:00:00,Movie 369,Action
7917,41,1,2022-03-16 00:00:00,Movie 281,Drama
6507,41,2,2024-03-17 00:00:00,Movie 281,Drama
6942,41,1,2024-07-14 00:00:00,Movie 281,Drama
879,69,3,2022-03-18 00:00:00,Movie 344,Sci-Fi
9720,69,3,2022-10-01 00:00:00,Movie 344,Sci-Fi
4556,69,2,2022-10-06 00:00:00,Movie 344,Sci-Fi
9709,69,2,2023-04-30 00:00:00,Movie 344,Sci-Fi
9269,109,5,2022-03-19 00:00:00,Movie 270,Comedy
4888,87,5,2022-03-20 00:00:00,Movie 154,Sci-Fi
8868,87,2,2023-05-06 00:00:00,Movie 154,Sci-Fi
2704,87,1,2023-09-14 00:00:00,Movie 154,Sci-Fi
1064,87,4,2024-05-08 00:00:00,Movie 154,Sci-Fi
4860,360,1,2022-03-21 00:00:00,Movie 102,Sci-Fi
9338,360,4,2023-09-24 00:00:00,Movie 102,Sci-Fi
6332,897,1,2022-03-22 00:00:00,Movie 140,Drama
6332,897,1,2022-03-22 00:00:00,Movie 215,Drama
5855,897,4,2022-11-20 00:00:00,Movie 140,Drama
5855,897,4,2022-11-20 00:00:00,Movie 215,Drama
134,897,3,2023-08-27 00:00:00,Movie 140,Drama
134,897,3,2023-08-27 00:00:00,Movie 215,Drama
5241,897,5,2024-02-24 00:00:00,Movie 140,Drama
5241,897,5,2024-02-24 00:00:00,Movie 215,Drama
4228,897,5,2024-07-21 00:00:00,Movie 140,Drama
4228,897,5,2024-07-21 00:00:00,Movie 215,Drama
8572,878,4,2022-03-23 00:00:00,Movie 150,Horror
5277,435,3,2022-03-26 00:00:00,Movie 110,Drama
5277,435,3,2022-03-26 00:00:00,Movie 382,Drama
6375,435,5,2022-05-16 00:00:00,Movie 110,Drama
6375,435,5,2022-05-16 00:00:00,Movie 382,Drama
9493,435,5,2022-09-28 00:00:00,Movie 110,Drama
9493,435,5,2022-09-28 00:00:00,Movie 382,Drama
4144,435,4,2024-02-27 00:00:00,Movie 110,Drama
4144,435,4,2024-02-27 00:00:00,Movie 382,Drama
2063,391,1,2022-03-27 00:00:00,Movie 159,Sci-Fi
2063,391,1,2022-03-27 00:00:00,Movie 435,Romance
7331,391,2,2023-06-28 00:00:00,Movie 159,Sci-Fi
7331,391,2,2023-06-28 00:00:00,Movie 435,Romance
9348,391,2,2023-07-28 00:00:00,Movie 159,Sci-Fi
9348,391,2,2023-07-28 00:00:00,Movie 435,Romance
5714,391,3,2023-10-14 00:00:00,Movie 159,Sci-Fi
5714,391,3,2023-10-14 00:00:00,Movie 435,Romance
65,275,3,2022-03-28 00:00:00,Movie 387,Drama
5692,275,4,2023-01-12 00:00:00,Movie 387,Drama
5335,275,5,2023-06-29 00:00:00,Movie 387,Drama
2569,838,4,2022-03-30 00:00:00,Movie 275,Horror
6279,838,2,2022-04-12 00:00:00,Movie 275,Horror
9088,838,5,2023-03-27 00:00:00,Movie 275,Horror
5978,838,5,2023-08-07 00:00:00,Movie 275,Horror
919,838,4,2024-03-15 00:00:00,Movie 275,Horror
2696,805,3,2022-04-02 00:00:00,Movie 9,Sci-Fi
2696,805,3,2022-04-02 00:00:00,Movie 228,Sci-Fi
2696,805,3,2022-04-02 00:00:00,Movie 273,Action
2696,805,3,2022-04-02 00:00:00,Movie 468,Drama
3142,805,2,2023-07-29 00:00:00,Movie 9,Sci-Fi
3142,805,2,2023-07-29 00:00:00,Movie 228,Sci-Fi
3142,805,2,2023-07-29 00:00:00,Movie 273,Action
3142,805,2,2023-07-29 00:00:00,Movie 468,Drama
4469,805,4,2023-09-23 00:00:00,Movie 9,Sci-Fi
4469,805,4,2023-09-23 00:00:00,Movie 228,Sci-Fi
4469,805,4,2023-09-23 00:00:00,Movie 273,Action
4469,805,4,2023-09-23 00:00:00,Movie 468,Drama
9065,805,2,2024-07-11 00:00:00,Movie 9,Sci-Fi
9065,805,2,2024-07-11 00:00:00,Movie 228,Sci-Fi
9065,805,2,2024-07-11 00:00:00,Movie 273,Action
9065,805,2,2024-07-11 00:00:00,Movie 468,Drama
9688,239,1,2022-04-03 00:00:00,Movie 173,Drama
929,239,5,2023-08-25 00:00:00,Movie 173,Drama
7351,239,5,2024-01-25 00:00:00,Movie 173,Drama
2646,239,2,2024-08-30 00:00:00,Movie 173,Drama
5259,779,2,2022-04-04 00:00:00,Movie 23,Romance
5259,779,2,2022-04-04 00:00:00,Movie 327,Sci-Fi
2745,779,1,2023-03-03 00:00:00,Movie 23,Romance
2745,779,1,2023-03-03 00:00:00,Movie 327,Sci-Fi
3375,779,4,2023-12-14 00:00:00,Movie 23,Romance
3375,779,4,2023-12-14 00:00:00,Movie 327,Sci-Fi
138,779,5,2024-01-08 00:00:00,Movie 23,Romance
138,779,5,2024-01-08 00:00:00,Movie 327,Sci-Fi
7674,779,1,2024-03-22 00:00:00,Movie 23,Romance
7674,779,1,2024-03-22 00:00:00,Movie 327,Sci-Fi
5257,779,4,2024-07-01 00:00:00,Movie 23,Romance
5257,779,4,2024-07-01 00:00:00,Movie 327,Sci-Fi
5619,147,4,2022-04-05 00:00:00,Movie 206,Romance
6737,475,2,2022-04-06 00:00:00,Movie 63,Drama
7254,475,5,2023-03-02 00:00:00,Movie 63,Drama
4785,475,2,2023-11-02 00:00:00,Movie 63,Drama
392,182,1,2022-04-07 00:00:00,Movie 32,Romance
392,182,1,2022-04-07 00:00:00,Movie 73,Action
392,182,1,2022-04-07 00:00:00,Movie 193,Romance
7806,182,5,2023-02-15 00:00:00,Movie 32,Romance
7806,182,5,2023-02-15 00:00:00,Movie 73,Action
7806,182,5,2023-02-15 00:00:00,Movie 193,Romance
2840,182,1,2023-03-24 00:00:00,Movie 32,Romance
2840,182,1,2023-03-24 00:00:00,Movie 73,Action
2840,182,1,2023-03-24 00:00:00,Movie 193,Romance
6950,182,4,2024-03-23 00:00:00,Movie 32,Romance
6950,182,4,2024-03-23 00:00:00,Movie 73,Action
6950,182,4,2024-03-23 00:00:00,Movie 193,Romance
6185,39,3,2022-04-10 00:00:00,Movie 375,Action
6185,39,3,2022-04-10 00:00:00,Movie 475,Sci-Fi
513,39,5,2023-02-14 00:00:00,Movie 375,Action
513,39,5,2023-02-14 00:00:00,Movie 475,Sci-Fi
5733,39,4,2023-04-06 00:00:00,Movie 375,Action
5733,39,4,2023-04-06 00:00:00,Movie 475,Sci-Fi
1123,39,2,2023-05-11 00:00:00,Movie 375,Action
1123,39,2,2023-05-11 00:00:00,Movie 475,Sci-Fi
672,39,5,2024-02-06 00:00:00,Movie 375,Action
672,39,5,2024-02-06 00:00:00,Movie 475,Sci-Fi
7985,39,5,2024-06-25 00:00:00,Movie 375,Action
7985,39,5,2024-06-25 00:00:00,Movie 475,Sci-Fi
3100,286,3,2022-04-11 00:00:00,Movie 121,Drama
225,286,3,2024-05-27 00:00:00,Movie 121,Drama
8393,794,4,2022-04-13 00:00:00,Movie 324,Action
8393,794,4,2022-04-13 00:00:00,Movie 431,Romance
1496,794,2,2022-06-17 00:00:00,Movie 324,Action
1496,794,2,2022-06-17 00:00:00,Movie 431,Romance
1637,794,2,2022-06-27 00:00:00,Movie 324,Action
1637,794,2,2022-06-27 00:00:00,Movie 431,Romance
1817,794,2,2022-11-19 00:00:00,Movie 324,Action
1817,794,2,2022-11-19 00:00:00,Movie 431,Romance
7456,794,4,2022-11-27 00:00:00,Movie 324,Action
7456,794,4,2022-11-27 00:00:00,Movie 431,Romance
2783,794,2,2023-06-08 00:00:00,Movie 324,Action
2783,794,2,2023-06-08 00:00:00,Movie 431,Romance
2682,794,1,2023-07-15 00:00:00,Movie 324,Action
2682,794,1,2023-07-15 00:00:00,Movie 431,Romance
405,794,4,2023-11-08 00:00:00,Movie 324,Action
405,794,4,2023-11-08 00:00:00,Movie 431,Romance
6414,794,1,2024-07-13 00:00:00,Movie 324,Action
6414,794,1,2024-07-13 00:00:00,Movie 431,Romance
7216,815,5,2022-04-15 00:00:00,Movie 216,Sci-Fi
7216,815,5,2022-04-15 00:00:00,Movie 398,Sci-Fi
1854,815,4,2022-06-21 00:00:00,Movie 216,Sci-Fi
1854,815,4,2022-06-21 00:00:00,Movie 398,Sci-Fi
6615,815,4,2022-12-27 00:00:00,Movie 216,Sci-Fi
6615,815,4,2022-12-27 00:00:00,Movie 398,Sci-Fi
7484,815,5,2023-09-28 00:00:00,Movie 216,Sci-Fi
7484,815,5,2023-09-28 00:00:00,Movie 398,Sci-Fi
6255,815,4,2024-01-22 00:00:00,Movie 216,Sci-Fi
6255,815,4,2024-01-22 00:00:00,Movie 398,Sci-Fi
7327,815,4,2024-09-03 00:00:00,Movie 216,Sci-Fi
7327,815,4,2024-09-03 00:00:00,Movie 398,Sci-Fi
2455,477,2,2022-04-16 00:00:00,Movie 120,Sci-Fi
2455,477,2,2022-04-16 00:00:00,Movie 447,Horror
3243,477,3,2022-05-19 00:00:00,Movie 120,Sci-Fi
3243,477,3,2022-05-19 00:00:00,Movie 447,Horror
2951,477,3,2022-12-18 00:00:00,Movie 120,Sci-Fi
2951,477,3,2022-12-18 00:00:00,Movie 447,Horror
5542,477,4,2023-07-19 00:00:00,Movie 120,Sci-Fi
5542,477,4,2023-07-19 00:00:00,Movie 447,Horror
2879,477,2,2024-02-26 00:00:00,Movie 120,Sci-Fi
2879,477,2,2024-02-26 00:00:00,Movie 447,Horror
236,477,5,2024-06-27 00:00:00,Movie 120,Sci-Fi
236,477,5,2024-06-27 00:00:00,Movie 447,Horror
8997,877,2,2022-04-17 00:00:00,Movie 422,Sci-Fi
1735,877,3,2022-08-08 00:00:00,Movie 422,Sci-Fi
8155,822,4,2022-04-19 00:00:00,Movie 317,Comedy
9763,759,5,2022-04-20 00:00:00,Movie 164,Drama
9763,759,5,2022-04-20 00:00:00,Movie 498,Romance
9087,759,5,2023-08-16 00:00:00,Movie 164,Drama
9087,759,5,2023-08-16 00:00:00,Movie 498,Romance
3178,759,4,2024-01-03 00:00:00,Movie 164,Drama
3178,759,4,2024-01-03 00:00:00,Movie 498,Romance
8111,813,5,2022-04-22 00:00:00,Movie 465,Horror
3764,813,2,2022-06-19 00:00:00,Movie 465,Horror
9443,813,4,2023-09-04 00:00:00,Movie 465,Horror
6133,813,2,2023-10-07 00:00:00,Movie 465,Horror
3841,153,5,2022-04-23 00:00:00,Movie 286,Horror
8866,153,5,2023-12-03 00:00:00,Movie 286,Horror
1029,494,1,2022-04-24 00:00:00,Movie 265,Action
3988,494,2,2022-09-30 00:00:00,Movie 265,Action
6328,494,1,2024-01-09 00:00:00,Movie 265,Action
7386,819,2,2022-04-25 00:00:00,Movie 320,Drama
4781,819,1,2023-11-23 00:00:00,Movie 320,Drama
6317,819,5,2024-05-23 00:00:00,Movie 320,Drama
503,8,5,2022-04-26 00:00:00,Movie 161,Sci-Fi
1687,8,2,2022-11-29 00:00:00,Movie 161,Sci-Fi
9063,401,3,2022-04-28 00:00:00,Movie 308,Romance
9063,401,3,2022-04-28 00:00:00,Movie 429,Sci-Fi
1708,401,2,2022-07-08 00:00:00,Movie 308,Romance
1708,401,2,2022-07-08 00:00:00,Movie 429,Sci-Fi
8801,401,5,2022-07-26 00:00:00,Movie 308,Romance
8801,401,5,2022-07-26 00:00:00,Movie 429,Sci-Fi
1082,401,5,2023-02-13 00:00:00,Movie 308,Romance
1082,401,5,2023-02-13 00:00:00,Movie 429,Sci-Fi
1354,401,5,2023-09-18 00:00:00,Movie 308,Romance
1354,401,5,2023-09-18 00:00:00,Movie 429,Sci-Fi
1016,401,4,2023-10-25 00:00:00,Movie 308,Romance
1016,401,4,2023-10-25 00:00:00,Movie 429,Sci-Fi
6939,469,2,2022-04-29 00:00:00,Movie 89,Comedy
6939,469,2,2022-04-29 00:00:00,Movie 194,Action
9987,469,5,2022-07-30 00:00:00,Movie 89,Comedy
9987,469,5,2022-07-30 00:00:00,Movie 194,Action
4977,469,4,2023-11-28 00:00:00,Movie 89,Comedy
4977,469,4,2023-11-28 00:00:00,Movie 194,Action
2181,469,4,2024-01-05 00:00:00,Movie 89,Comedy
2181,469,4,2024-01-05 00:00:00,Movie 194,Action
207,673,2,2022-05-01 00:00:00,Movie 203,Sci-Fi
3776,673,5,2023-10-02 00:00:00,Movie 203,Sci-Fi
5135,922,3,2022-05-02 00:00:00,Movie 309,Horror
5135,922,3,2022-05-02 00:00:00,Movie 420,Horror
7807,922,1,2022-12-01 00:00:00,Movie 309,Horror
7807,922,1,2022-12-01 00:00:00,Movie 420,Horror
9205,922,4,2023-02-11 00:00:00,Movie 309,Horror
9205,922,4,2023-02-11 00:00:00,Movie 420,Horror
6542,922,4,2023-06-25 00:00:00,Movie 309,Horror
6542,922,4,2023-06-25 00:00:00,Movie 420,Horror
7722,108,5,2022-05-04 00:00:00,Movie 380,Horror
7722,108,5,2022-05-04 00:00:00,Movie 489,Comedy
5535,108,3,2022-08-21 00:00:00,Movie 380,Horror
5535,108,3,2022-08-21 00:00:00,Movie 489,Comedy
5593,108,4,2022-09-16 00:00:00,Movie 380,Horror
5593,108,4,2022-09-16 00:00:00,Movie 489,Comedy
7422,108,5,2023-03-11 00:00:00,Movie 380,Horror
7422,108,5,2023-03-11 00:00:00,Movie 489,Comedy
1168,108,5,2023-06-19 00:00:00,Movie 380,Horror
1168,108,5,2023-06-19 00:00:00,Movie 489,Comedy
7957,108,5,2024-02-09 00:00:00,Movie 380,Horror
7957,108,5,2024-02-09 00:00:00,Movie 489,Comedy
3688,108,1,2024-08-08 00:00:00,Movie 380,Horror
3688,108,1,2024-08-08 00:00:00,Movie 489,Comedy
1971,108,5,2024-08-10 00:00:00,Movie 380,Horror
1971,108,5,2024-08-10 00:00:00,Movie 489,Comedy
7859,707,4,2022-05-07 00:00:00,Movie 222,Horror
4364,707,4,2023-12-05 00:00:00,Movie 222,Horror
864,911,1,2022-05-08 00:00:00,Movie 41,Sci-Fi
4497,911,5,2022-10-04 00:00:00,Movie 41,Sci-Fi
1694,911,1,2022-10-12 00:00:00,Movie 41,Sci-Fi
8717,911,5,2022-12-15 00:00:00,Movie 41,Sci-Fi
3507,911,5,2023-03-01 00:00:00,Movie 41,Sci-Fi
5985,911,3,2024-07-29 00:00:00,Movie 41,Sci-Fi
2791,735,3,2022-05-09 00:00:00,Movie 196,Romance
9824,735,1,2023-03-20 00:00:00,Movie 196,Romance
396,735,4,2023-06-01 00:00:00,Movie 196,Romance
7409,939,3,2022-05-10 00:00:00,Movie 68,Horror
7409,939,3,2022-05-10 00:00:00,Movie 371,Action
5589,939,5,2023-06-16 00:00:00,Movie 68,Horror
5589,939,5,2023-06-16 00:00:00,Movie 371,Action
8054,939,4,2023-09-12 00:00:00,Movie 68,Horror
8054,939,4,2023-09-12 00:00:00,Movie 371,Action
8756,527,1,2022-05-11 00:00:00,Movie 476,Drama
5089,527,2,2022-11-09 00:00:00,Movie 476,Drama
2428,527,4,2023-04-01 00:00:00,Movie 476,Drama
4176,527,3,2023-09-02 00:00:00,Movie 476,Drama
5117,235,5,2022-05-12 00:00:00,Movie 264,Horror
4859,235,1,2023-12-10 00:00:00,Movie 264,Horror
6892,235,3,2024-04-18 00:00:00,Movie 264,Horror
8838,235,4,2024-05-17 00:00:00,Movie 264,Horror
6372,235,1,2024-09-04 00:00:00,Movie 264,Horror
6020,828,3,2022-05-13 00:00:00,Movie 2,Drama
3855,828,5,2023-01-09 00:00:00,Movie 2,Drama
1758,154,5,2022-05-14 00:00:00,Movie 361,Horror
6529,154,2,2022-07-05 00:00:00,Movie 361,Horror
9562,154,4,2022-08-04 00:00:00,Movie 361,Horror
5623,154,2,2024-04-30 00:00:00,Movie 361,Horror
1998,154,4,2024-08-07 00:00:00,Movie 361,Horror
7575,18,1,2022-05-15 00:00:00,Movie 125,Romance
9880,18,5,2023-05-17 00:00:00,Movie 125,Romance
4969,18,2,2023-05-24 00:00:00,Movie 125,Romance
1366,18,3,2023-07-21 00:00:00,Movie 125,Romance
6893,666,2,2022-05-17 00:00:00,Movie 51,Romance
6893,666,2,2022-05-17 00:00:00,Movie 86,Sci-Fi
6893,666,2,2022-05-17 00:00:00,Movie 267,Horror
1664,666,2,2022-05-31 00:00:00,Movie 51,Romance
1664,666,2,2022-05-31 00:00:00,Movie 86,Sci-Fi
1664,666,2,2022-05-31 00:00:00,Movie 267,Horror
3355,666,1,2022-10-16 00:00:00,Movie 51,Romance
3355,666,1,2022-10-16 00:00:00,Movie 86,Sci-Fi
3355,666,1,2022-10-16 00:00:00,Movie 267,Horror
5920,666,3,2022-12-29 00:00:00,Movie 51,Romance
5920,666,3,2022-12-29 00:00:00,Movie 86,Sci-Fi
5920,666,3,2022-12-29 00:00:00,Movie 267,Horror
1572,666,4,2023-05-13 00:00:00,Movie 51,Romance
1572,666,4,2023-05-13 00:00:00,Movie 86,Sci-Fi
1572,666,4,2023-05-13 00:00:00,Movie 267,Horror
4847,666,1,2023-07-04 00:00:00,Movie 51,Romance
4847,666,1,2023-07-04 00:00:00,Movie 86,Sci-Fi
4847,666,1,2023-07-04 00:00:00,Movie 267,Horror
7577,666,3,2023-08-23 00:00:00,Movie 51,Romance
7577,666,3,2023-08-23 00:00:00,Movie 86,Sci-Fi
7577,666,3,2023-08-23 00:00:00,Movie 267,Horror
1679,288,4,2022-05-18 00:00:00,Movie 185,Horror
1679,288,4,2022-05-18 00:00:00,Movie 425,Drama
877,288,1,2023-01-18 00:00:00,Movie 185,Horror
877,288,1,2023-01-18 00:00:00,Movie 425,Drama
3377,288,4,2023-09-07 00:00:00,Movie 185,Horror
3377,288,4,2023-09-07 00:00:00,Movie 425,Drama
118,288,5,2024-05-18 00:00:00,Movie 185,Horror
118,288,5,2024-05-18 00:00:00,Movie 425,Drama
4637,590,4,2022-05-20 00:00:00,Movie 127,Romance
5601,590,1,2022-10-21 00:00:00,Movie 127,Romance
3010,590,3,2022-11-30 00:00:00,Movie 127,Romance
8312,590,5,2023-01-31 00:00:00,Movie 127,Romance
4638,590,2,2024-01-01 00:00:00,Movie 127,Romance
1734,590,2,2024-04-28 00:00:00,Movie 127,Romance
1060,521,5,2022-05-21 00:00:00,Movie 255,Drama
6777,521,4,2022-06-05 00:00:00,Movie 255,Drama
6669,88,3,2022-05-22 00:00:00,Movie 183,Sci-Fi
6894,88,4,2022-10-11 00:00:00,Movie 183,Sci-Fi
7576,88,5,2023-09-21 00:00:00,Movie 183,Sci-Fi
3346,88,5,2024-03-21 00:00:00,Movie 183,Sci-Fi
9915,905,5,2022-05-23 00:00:00,Movie 16,Sci-Fi
9915,905,5,2022-05-23 00:00:00,Movie 232,Comedy
5536,905,4,2022-07-11 00:00:00,Movie 16,Sci-Fi
5536,905,4,2022-07-11 00:00:00,Movie 232,Comedy
7003,905,3,2023-12-26 00:00:00,Movie 16,Sci-Fi
7003,905,3,2023-12-26 00:00:00,Movie 232,Comedy
1888,905,5,2024-02-02 00:00:00,Movie 16,Sci-Fi
1888,905,5,2024-02-02 00:00:00,Movie 232,Comedy
5789,905,5,2024-08-18 00:00:00,Movie 16,Sci-Fi
5789,905,5,2024-08-18 00:00:00,Movie 232,Comedy
3158,888,2,2022-05-24 00:00:00,Movie 8,Drama
3158,888,2,2022-05-24 00:00:00,Movie 477,Horror
3582,888,4,2022-06-24 00:00:00,Movie 8,Drama
3582,888,4,2022-06-24 00:00:00,Movie 477,Horror
981,888,3,2022-11-12 00:00:00,Movie 8,Drama
981,888,3,2022-11-12 00:00:00,Movie 477,Horror
9436,888,2,2023-08-11 00:00:00,Movie 8,Drama
9436,888,2,2023-08-11 00:00:00,Movie 477,Horror
5916,210,1,2022-05-25 00:00:00,Movie 62,Action
9875,210,3,2023-01-29 00:00:00,Movie 62,Action
3628,178,2,2022-05-28 00:00:00,Movie 158,Horror
3395,178,1,2022-11-17 00:00:00,Movie 158,Horror
365,178,3,2024-03-09 00:00:00,Movie 158,Horror
9556,442,3,2022-05-29 00:00:00,Movie 268,Drama
2386,442,5,2022-08-15 00:00:00,Movie 268,Drama
1061,442,4,2022-11-02 00:00:00,Movie 268,Drama
9184,442,4,2023-01-19 00:00:00,Movie 268,Drama
9722,418,4,2022-06-01 00:00:00,Movie 64,Sci-Fi
9722,418,4,2022-06-01 00:00:00,Movie 180,Romance
7724,418,2,2023-04-12 00:00:00,Movie 64,Sci-Fi
7724,418,2,2023-04-12 00:00:00,Movie 180,Romance
6531,418,4,2023-08-19 00:00:00,Movie 64,Sci-Fi
6531,418,4,2023-08-19 00:00:00,Movie 180,Romance
5593,170,2,2022-06-02 00:00:00,Movie 494,Drama
226,170,4,2022-10-17 00:00:00,Movie 494,Drama
8176,170,3,2023-11-09 00:00:00,Movie 494,Drama
7393,117,5,2022-06-03 00:00:00,Movie 50,Romance
1307,171,5,2022-06-04 00:00:00,Movie 469,Comedy
5865,979,2,2022-06-06 00:00:00,Movie 149,Drama
3628,979,5,2023-08-29 00:00:00,Movie 149,Drama
95,979,1,2024-09-13 00:00:00,Movie 149,Drama
9475,29,5,2022-06-07 00:00:00,Movie 18,Romance
9475,29,5,2022-06-07 00:00:00,Movie 269,Horror
9475,29,5,2022-06-07 00:00:00,Movie 325,Comedy
4381,29,5,2023-04-13 00:00:00,Movie 18,Romance
4381,29,5,2023-04-13 00:00:00,Movie 269,Horror
4381,29,5,2023-04-13 00:00:00,Movie 325,Comedy
826,29,2,2023-04-27 00:00:00,Movie 18,Romance
826,29,2,2023-04-27 00:00:00,Movie 269,Horror
826,29,2,2023-04-27 00:00:00,Movie 325,Comedy
8703,29,5,2023-11-06 00:00:00,Movie 18,Romance
8703,29,5,2023-11-06 00:00:00,Movie 269,Horror
8703,29,5,2023-11-06 00:00:00,Movie 325,Comedy
4622,29,3,2024-03-11 00:00:00,Movie 18,Romance
4622,29,3,2024-03-11 00:00:00,Movie 269,Horror
4622,29,3,2024-03-11 00:00:00,Movie 325,Comedy
5561,29,4,2024-05-20 00:00:00,Movie 18,Romance
5561,29,4,2024-05-20 00:00:00,Movie 269,Horror
5561,29,4,2024-05-20 00:00:00,Movie 325,Comedy
7527,821,3,2022-06-08 00:00:00,Movie 304,Romance
8663,821,3,2023-09-15 00:00:00,Movie 304,Romance
6944,821,4,2024-07-26 00:00:00,Movie 304,Romance
8902,146,1,2022-06-09 00:00:00,Movie 276,Comedy
4219,146,5,2022-07-15 00:00:00,Movie 276,Comedy
5576,507,1,2022-06-10 00:00:00,Movie 357,Sci-Fi
636,507,2,2023-01-27 00:00:00,Movie 357,Sci-Fi
1366,507,1,2023-05-28 00:00:00,Movie 357,Sci-Fi
5531,372,1,2022-06-11 00:00:00,Movie 451,Comedy
7005,372,1,2023-02-24 00:00:00,Movie 451,Comedy
6938,372,3,2024-02-22 00:00:00,Movie 451,Comedy
4414,761,2,2022-06-12 00:00:00,Movie 172,Action
4250,761,2,2023-02-27 00:00:00,Movie 172,Action
1999,827,3,2022-06-15 00:00:00,Movie 445,Drama
1070,827,1,2022-10-31 00:00:00,Movie 445,Drama
2328,827,2,2022-11-03 00:00:00,Movie 445,Drama
5233,921,4,2022-06-20 00:00:00,Movie 482,Horror
6586,349,5,2022-06-22 00:00:00,Movie 160,Comedy
6586,349,5,2022-06-22 00:00:00,Movie 480,Comedy
6618,349,3,2023-03-07 00:00:00,Movie 160,Comedy
6618,349,3,2023-03-07 00:00:00,Movie 480,Comedy
7191,349,1,2023-11-14 00:00:00,Movie 160,Comedy
7191,349,1,2023-11-14 00:00:00,Movie 480,Comedy
6239,349,4,2024-01-26 00:00:00,Movie 160,Comedy
6239,349,4,2024-01-26 00:00:00,Movie 480,Comedy
1297,349,5,2024-04-01 00:00:00,Movie 160,Comedy
1297,349,5,2024-04-01 00:00:00,Movie 480,Comedy
1292,347,5,2022-06-23 00:00:00,Movie 65,Drama
4531,347,4,2023-12-18 00:00:00,Movie 65,Drama
4209,347,4,2024-05-28 00:00:00,Movie 65,Drama
5780,347,2,2024-09-18 00:00:00,Movie 65,Drama
699,113,3,2022-06-29 00:00:00,Movie 133,Action
699,113,3,2022-06-29 00:00:00,Movie 332,Romance
7340,113,1,2022-10-28 00:00:00,Movie 133,Action
7340,113,1,2022-10-28 00:00:00,Movie 332,Romance
2807,113,3,2022-12-11 00:00:00,Movie 133,Action
2807,113,3,2022-12-11 00:00:00,Movie 332,Romance
4738,629,1,2022-06-30 00:00:00,Movie 291,Romance
4738,629,1,2022-06-30 00:00:00,Movie 438,Horror
7159,629,4,2022-08-31 00:00:00,Movie 291,Romance
7159,629,4,2022-08-31 00:00:00,Movie 438,Horror
1151,629,2,2023-02-08 00:00:00,Movie 291,Romance
1151,629,2,2023-02-08 00:00:00,Movie 438,Horror
2117,629,2,2024-09-17 00:00:00,Movie 291,Romance
2117,629,2,2024-09-17 00:00:00,Movie 438,Horror
8165,229,1,2022-07-02 00:00:00,Movie 174,Horror
8165,229,1,2022-07-02 00:00:00,Movie 379,Sci-Fi
1185,229,3,2022-11-15 00:00:00,Movie 174,Horror
1185,229,3,2022-11-15 00:00:00,Movie 379,Sci-Fi
4730,229,3,2023-06-26 00:00:00,Movie 174,Horror
4730,229,3,2023-06-26 00:00:00,Movie 379,Sci-Fi
7393,378,1,2022-07-04 00:00:00,Movie 15,Horror
7393,378,1,2022-07-04 00:00:00,Movie 288,Action
581,378,3,2023-02-23 00:00:00,Movie 15,Horror
581,378,3,2023-02-23 00:00:00,Movie 288,Action
5173,814,2,2022-07-07 00:00:00,Movie 26,Sci-Fi
5173,814,2,2022-07-07 00:00:00,Movie 187,Sci-Fi
5792,84,5,2022-07-09 00:00:00,Movie 93,Horror
8816,84,4,2022-08-25 00:00:00,Movie 93,Horror
2492,84,4,2023-01-10 00:00:00,Movie 93,Horror
9926,661,4,2022-07-10 00:00:00,Movie 42,Drama
9926,661,4,2022-07-10 00:00:00,Movie 406,Drama
1931,661,2,2022-07-24 00:00:00,Movie 42,Drama
1931,661,2,2022-07-24 00:00:00,Movie 406,Drama
8925,661,1,2023-06-30 00:00:00,Movie 42,Drama
8925,661,1,2023-06-30 00:00:00,Movie 406,Drama
3511,685,3,2022-07-13 00:00:00,Movie 307,Comedy
8051,685,5,2022-10-08 00:00:00,Movie 307,Comedy
8174,685,5,2022-12-23 00:00:00,Movie 307,Comedy
9094,685,1,2024-06-08 00:00:00,Movie 307,Comedy
8959,800,4,2022-07-16 00:00:00,Movie 146,Comedy
8959,800,4,2022-07-16 00:00:00,Movie 157,Romance
2734,800,3,2022-11-25 00:00:00,Movie 146,Comedy
2734,800,3,2022-11-25 00:00:00,Movie 157,Romance
1932,800,2,2023-02-10 00:00:00,Movie 146,Comedy
1932,800,2,2023-02-10 00:00:00,Movie 157,Romance
6304,800,4,2023-03-28 00:00:00,Movie 146,Comedy
6304,800,4,2023-03-28 00:00:00,Movie 157,Romance
6470,800,4,2024-05-24 00:00:00,Movie 146,Comedy
6470,800,4,2024-05-24 00:00:00,Movie 157,Romance
9185,800,1,2024-08-02 00:00:00,Movie 146,Comedy
9185,800,1,2024-08-02 00:00:00,Movie 157,Romance
4390,264,5,2022-07-17 00:00:00,Movie 141,Romance
4390,264,5,2022-07-17 00:00:00,Movie 179,Sci-Fi
4500,264,1,2022-09-06 00:00:00,Movie 141,Romance
4500,264,1,2022-09-06 00:00:00,Movie 179,Sci-Fi
7892,264,2,2023-10-08 00:00:00,Movie 141,Romance
7892,264,2,2023-10-08 00:00:00,Movie 179,Sci-Fi
9551,264,2,2023-12-25 00:00:00,Movie 141,Romance
9551,264,2,2023-12-25 00:00:00,Movie 179,Sci-Fi
10,264,5,2024-06-09 00:00:00,Movie 141,Romance
10,264,5,2024-06-09 00:00:00,Movie 179,Sci-Fi
5288,264,2,2024-06-16 00:00:00,Movie 141,Romance
5288,264,2,2024-06-16 00:00:00,Movie 179,Sci-Fi
2328,988,3,2022-07-18 00:00:00,Movie 132,Horror
2932,443,3,2022-07-20 00:00:00,Movie 168,Action
2932,443,3,2022-07-20 00:00:00,Movie 455,Drama
4643,443,1,2022-10-25 00:00:00,Movie 168,Action
4643,443,1,2022-10-25 00:00:00,Movie 455,Drama
4019,443,5,2024-08-09 00:00:00,Movie 168,Action
4019,443,5,2024-08-09 00:00:00,Movie 455,Drama
198,405,2,2022-07-22 00:00:00,Movie 28,Horror
1149,405,4,2023-01-03 00:00:00,Movie 28,Horror
6566,405,4,2024-07-28 00:00:00,Movie 28,Horror
2372,405,3,2024-09-09 00:00:00,Movie 28,Horror
2675,405,1,2024-09-14 00:00:00,Movie 28,Horror
7126,359,2,2022-07-23 00:00:00,Movie 260,Comedy
7165,359,3,2023-05-05 00:00:00,Movie 260,Comedy
4805,359,2,2023-10-17 00:00:00,Movie 260,Comedy
5972,359,4,2024-01-14 00:00:00,Movie 260,Comedy
6372,359,2,2024-04-14 00:00:00,Movie 260,Comedy
4283,758,1,2022-07-28 00:00:00,Movie 262,Romance
4283,758,1,2022-07-28 00:00:00,Movie 342,Sci-Fi
1844,758,3,2022-08-09 00:00:00,Movie 262,Romance
1844,758,3,2022-08-09 00:00:00,Movie 342,Sci-Fi
4737,758,3,2022-08-16 00:00:00,Movie 262,Romance
4737,758,3,2022-08-16 00:00:00,Movie 342,Sci-Fi
5105,758,5,2023-05-15 00:00:00,Movie 262,Romance
5105,758,5,2023-05-15 00:00:00,Movie 342,Sci-Fi
5306,758,5,2023-06-24 00:00:00,Movie 262,Romance
5306,758,5,2023-06-24 00:00:00,Movie 342,Sci-Fi
2512,311,3,2022-07-29 00:00:00,Movie 492,Comedy
1543,311,5,2023-07-10 00:00:00,Movie 492,Comedy
3757,311,4,2024-09-11 00:00:00,Movie 492,Comedy
660,183,1,2022-07-31 00:00:00,Movie 472,Action
2812,833,5,2022-08-01 00:00:00,Movie 162,Romance
7861,833,4,2023-06-22 00:00:00,Movie 162,Romance
6778,833,2,2024-02-07 00:00:00,Movie 162,Romance
1829,833,3,2024-06-02 00:00:00,Movie 162,Romance
1866,833,5,2024-09-01 00:00:00,Movie 162,Romance
6547,519,3,2022-08-03 00:00:00,Movie 439,Sci-Fi
1909,519,2,2024-06-28 00:00:00,Movie 439,Sci-Fi
1987,962,2,2022-08-05 00:00:00,Movie 257,Sci-Fi
4855,962,4,2024-01-02 00:00:00,Movie 257,Sci-Fi
8339,179,4,2022-08-06 00:00:00,Movie 72,Comedy
9436,179,1,2022-10-29 00:00:00,Movie 72,Comedy
3819,179,5,2024-01-20 00:00:00,Movie 72,Comedy
2912,156,3,2022-08-07 00:00:00,Movie 87,Drama
699,156,3,2023-05-30 00:00:00,Movie 87,Drama
8681,514,1,2022-08-10 00:00:00,Movie 214,Comedy
2924,514,1,2023-08-03 00:00:00,Movie 214,Comedy
4810,514,3,2023-11-17 00:00:00,Movie 214,Comedy
5871,514,1,2024-03-18 00:00:00,Movie 214,Comedy
5343,514,1,2024-05-11 00:00:00,Movie 214,Comedy
2977,993,4,2022-08-11 00:00:00,Movie 153,Action
2976,993,5,2022-11-13 00:00:00,Movie 153,Action
6695,903,5,2022-08-14 00:00:00,Movie 61,Romance
7688,903,5,2024-01-29 00:00:00,Movie 61,Romance
1803,916,4,2022-08-17 00:00:00,Movie 218,Drama
2825,916,3,2024-06-21 00:00:00,Movie 218,Drama
8156,34,3,2022-08-18 00:00:00,Movie 283,Romance
8121,678,1,2022-08-19 00:00:00,Movie 136,Action
4200,678,5,2022-09-13 00:00:00,Movie 136,Action
1332,678,2,2023-12-27 00:00:00,Movie 136,Action
6617,131,5,2022-08-20 00:00:00,Movie 377,Horror
6617,131,5,2022-08-20 00:00:00,Movie 467,Action
3770,131,5,2023-01-01 00:00:00,Movie 377,Horror
3770,131,5,2023-01-01 00:00:00,Movie 467,Action
847,131,2,2024-05-22 00:00:00,Movie 377,Horror
847,131,2,2024-05-22 00:00:00,Movie 467,Action
78,131,2,2024-07-19 00:00:00,Movie 377,Horror
78,131,2,2024-07-19 00:00:00,Movie 467,Action
4062,450,3,2022-08-22 00:00:00,Movie 362,Sci-Fi
4062,450,3,2022-08-22 00:00:00,Movie 491,Drama
263,223,1,2022-08-23 00:00:00,Movie 449,Horror
6288,883,2,2022-08-24 00:00:00,Movie 441,Drama
3736,883,1,2024-05-04 00:00:00,Movie 441,Drama
9209,215,2,2022-08-26 00:00:00,Movie 109,Drama
3445,215,5,2022-11-01 00:00:00,Movie 109,Drama
4981,215,1,2023-06-12 00:00:00,Movie 109,Drama
6802,215,3,2023-07-03 00:00:00,Movie 109,Drama
5374,215,3,2024-08-28 00:00:00,Movie 109,Drama
2050,280,5,2022-08-27 00:00:00,Movie 241,Horror
8435,280,5,2024-05-06 00:00:00,Movie 241,Horror
9875,623,3,2022-09-03 00:00:00,Movie 340,Drama
5443,623,4,2022-11-23 00:00:00,Movie 340,Drama
7547,623,1,2024-07-18 00:00:00,Movie 340,Drama
2256,702,4,2022-09-04 00:00:00,Movie 312,Sci-Fi
1155,609,1,2022-09-05 00:00:00,Movie 177,Action
6710,609,2,2022-11-21 00:00:00,Movie 177,Action
6039,609,2,2024-06-11 00:00:00,Movie 177,Action
6296,912,5,2022-09-07 00:00:00,Movie 189,Horror
2001,912,2,2023-11-10 00:00:00,Movie 189,Horror
6198,16,5,2022-09-08 00:00:00,Movie 427,Horror
6198,16,5,2022-09-08 00:00:00,Movie 486,Romance
560,16,4,2023-02-17 00:00:00,Movie 427,Horror
560,16,4,2023-02-17 00:00:00,Movie 486,Romance
4001,16,4,2023-04-03 00:00:00,Movie 427,Horror
4001,16,4,2023-04-03 00:00:00,Movie 486,Romance
6749,16,1,2023-04-20 00:00:00,Movie 427,Horror
6749,16,1,2023-04-20 00:00:00,Movie 486,Romance
9889,313,3,2022-09-09 00:00:00,Movie 49,Comedy
9889,313,3,2022-09-09 00:00:00,Movie 163,Horror
4753,313,2,2023-01-30 00:00:00,Movie 49,Comedy
4753,313,2,2023-01-30 00:00:00,Movie 163,Horror
2872,313,4,2023-10-20 00:00:00,Movie 49,Comedy
2872,313,4,2023-10-20 00:00:00,Movie 163,Horror
8428,313,1,2023-12-07 00:00:00,Movie 49,Comedy
8428,313,1,2023-12-07 00:00:00,Movie 163,Horror
6987,313,1,2024-05-02 00:00:00,Movie 49,Comedy
6987,313,1,2024-05-02 00:00:00,Movie 163,Horror
7791,313,4,2024-09-26 00:00:00,Movie 49,Comedy
7791,313,4,2024-09-26 00:00:00,Movie 163,Horror
8446,431,4,2022-09-14 00:00:00,Movie 43,Action
2558,776,5,2022-09-15 00:00:00,Movie 404,Horror
99,244,2,2022-09-17 00:00:00,Movie 55,Drama
99,244,2,2022-09-17 00:00:00,Movie 353,Comedy
3645,244,1,2024-02-28 00:00:00,Movie 55,Drama
3645,244,1,2024-02-28 00:00:00,Movie 353,Comedy
2201,49,3,2022-09-18 00:00:00,Movie 90,Action
3171,49,2,2022-11-07 00:00:00,Movie 90,Action
2962,27,4,2022-09-19 00:00:00,Movie 295,Comedy
7241,27,3,2024-02-21 00:00:00,Movie 295,Comedy
56,27,3,2024-03-05 00:00:00,Movie 295,Comedy
4974,664,1,2022-09-20 00:00:00,Movie 74,Horror
4974,664,1,2022-09-20 00:00:00,Movie 341,Romance
954,664,1,2023-07-07 00:00:00,Movie 74,Horror
954,664,1,2023-07-07 00:00:00,Movie 341,Romance
4850,664,3,2023-08-10 00:00:00,Movie 74,Horror
4850,664,3,2023-08-10 00:00:00,Movie 341,Romance
1907,664,5,2024-03-25 00:00:00,Movie 74,Horror
1907,664,5,2024-03-25 00:00:00,Movie 341,Romance
4434,632,1,2022-09-21 00:00:00,Movie 245,Horror
7358,632,2,2023-05-19 00:00:00,Movie 245,Horror
2870,86,4,2022-09-22 00:00:00,Movie 433,Romance
957,165,4,2022-09-23 00:00:00,Movie 192,Comedy
5896,165,1,2022-10-15 00:00:00,Movie 192,Comedy
6043,165,4,2023-10-03 00:00:00,Movie 192,Comedy
8353,363,4,2022-09-24 00:00:00,Movie 318,Horror
5700,736,1,2022-09-25 00:00:00,Movie 106,Romance
5700,736,1,2022-09-25 00:00:00,Movie 249,Sci-Fi
5302,736,4,2023-08-04 00:00:00,Movie 106,Romance
5302,736,4,2023-08-04 00:00:00,Movie 249,Sci-Fi
7103,736,1,2023-10-04 00:00:00,Movie 106,Romance
7103,736,1,2023-10-04 00:00:00,Movie 249,Sci-Fi
6945,501,1,2022-09-26 00:00:00,Movie 79,Drama
6945,501,1,2022-09-26 00:00:00,Movie 363,Drama
2968,501,5,2023-05-09 00:00:00,Movie 79,Drama
2968,501,5,2023-05-09 00:00:00,Movie 363,Drama
3518,501,3,2024-05-03 00:00:00,Movie 79,Drama
3518,501,3,2024-05-03 00:00:00,Movie 363,Drama
4912,226,5,2022-09-29 00:00:00,Movie 233,Drama
2126,226,5,2024-03-08 00:00:00,Movie 233,Drama
6016,950,5,2022-10-02 00:00:00,Movie 37,Sci-Fi
5918,950,2,2023-05-25 00:00:00,Movie 37,Sci-Fi
9522,950,2,2023-12-21 00:00:00,Movie 37,Sci-Fi
6942,950,5,2023-12-24 00:00:00,Movie 37,Sci-Fi
1219,455,1,2022-10-03 00:00:00,Movie 305,Action
5537,455,1,2023-04-09 00:00:00,Movie 305,Action
1063,455,1,2023-06-20 00:00:00,Movie 305,Action
4736,51,2,2022-10-05 00:00:00,Movie 17,Horror
4736,51,2,2022-10-05 00:00:00,Movie 176,Drama
3374,51,5,2023-04-16 00:00:00,Movie 17,Horror
3374,51,5,2023-04-16 00:00:00,Movie 176,Drama
9589,51,5,2023-09-11 00:00:00,Movie 17,Horror
9589,51,5,2023-09-11 00:00:00,Movie 176,Drama
3447,806,1,2022-10-09 00:00:00,Movie 59,Drama
718,806,1,2023-06-07 00:00:00,Movie 59,Drama
9686,806,4,2024-04-16 00:00:00,Movie 59,Drama
8755,497,3,2022-10-14 00:00:00,Movie 397,Action
8755,497,3,2022-10-14 00:00:00,Movie 478,Horror
4015,497,2,2022-11-28 00:00:00,Movie 397,Action
4015,497,2,2022-11-28 00:00:00,Movie 478,Horror
2157,497,3,2023-06-21 00:00:00,Movie 397,Action
2157,497,3,2023-06-21 00:00:00,Movie 478,Horror
9873,497,2,2023-07-23 00:00:00,Movie 397,Action
9873,497,2,2023-07-23 00:00:00,Movie 478,Horror
8136,497,5,2024-08-14 00:00:00,Movie 397,Action
8136,497,5,2024-08-14 00:00:00,Movie 478,Horror
7023,569,4,2022-10-19 00:00:00,Movie 395,Romance
8003,569,2,2023-04-08 00:00:00,Movie 395,Romance
1853,569,5,2023-08-31 00:00:00,Movie 395,Romance
9008,309,2,2022-10-23 00:00:00,Movie 45,Horror
729,309,1,2023-05-04 00:00:00,Movie 45,Horror
6032,309,1,2024-01-28 00:00:00,Movie 45,Horror
7680,990,2,2022-10-26 00:00:00,Movie 108,Horror
7680,990,2,2022-10-26 00:00:00,Movie 450,Comedy
3864,990,4,2022-11-26 00:00:00,Movie 108,Horror
3864,990,4,2022-11-26 00:00:00,Movie 450,Comedy
6656,990,3,2022-12-22 00:00:00,Movie 108,Horror
6656,990,3,2022-12-22 00:00:00,Movie 450,Comedy
8121,990,4,2023-09-16 00:00:00,Movie 108,Horror
8121,990,4,2023-09-16 00:00:00,Movie 450,Comedy
6678,990,1,2024-02-14 00:00:00,Movie 108,Horror
6678,990,1,2024-02-14 00:00:00,Movie 450,Comedy
8209,462,1,2022-10-27 00:00:00,Movie 19,Horror
8581,462,1,2023-12-08 00:00:00,Movie 19,Horror
3421,364,2,2022-11-04 00:00:00,Movie 240,Sci-Fi
3421,364,2,2022-11-04 00:00:00,Movie 474,Comedy
4466,364,4,2023-01-26 00:00:00,Movie 240,Sci-Fi
4466,364,4,2023-01-26 00:00:00,Movie 474,Comedy
6982,364,3,2024-02-15 00:00:00,Movie 240,Sci-Fi
6982,364,3,2024-02-15 00:00:00,Movie 474,Comedy
700,561,2,2022-11-08 00:00:00,Movie 103,Sci-Fi
9332,721,4,2022-11-10 00:00:00,Movie 250,Horror
6732,721,1,2023-07-05 00:00:00,Movie 250,Horror
8906,721,2,2023-08-06 00:00:00,Movie 250,Horror
668,721,2,2023-09-22 00:00:00,Movie 250,Horror
191,995,1,2022-11-11 00:00:00,Movie 453,Sci-Fi
191,995,1,2022-11-11 00:00:00,Movie 462,Comedy
925,995,5,2023-10-10 00:00:00,Movie 453,Sci-Fi
925,995,5,2023-10-10 00:00:00,Movie 462,Comedy
2833,995,4,2024-01-12 00:00:00,Movie 453,Sci-Fi
2833,995,4,2024-01-12 00:00:00,Movie 462,Comedy
6494,995,4,2024-02-25 00:00:00,Movie 453,Sci-Fi
6494,995,4,2024-02-25 00:00:00,Movie 462,Comedy
1762,995,5,2024-04-23 00:00:00,Movie 453,Sci-Fi
1762,995,5,2024-04-23 00:00:00,Movie 462,Comedy
2193,995,5,2024-08-04 00:00:00,Movie 453,Sci-Fi
2193,995,5,2024-08-04 00:00:00,Movie 462,Comedy
8320,739,1,2022-11-18 00:00:00,Movie 352,Horror
8320,739,1,2022-11-18 00:00:00,Movie 493,Comedy
5064,739,1,2023-09-19 00:00:00,Movie 352,Horror
5064,739,1,2023-09-19 00:00:00,Movie 493,Comedy
3926,739,1,2023-10-30 00:00:00,Movie 352,Horror
3926,739,1,2023-10-30 00:00:00,Movie 493,Comedy
570,579,4,2022-11-22 00:00:00,Movie 175,Drama
7027,579,5,2023-10-15 00:00:00,Movie 175,Drama
3531,579,2,2024-06-30 00:00:00,Movie 175,Drama
1896,98,3,2022-11-24 00:00:00,Movie 338,Comedy
1896,98,3,2022-11-24 00:00:00,Movie 466,Horror
1811,98,5,2023-08-01 00:00:00,Movie 338,Comedy
1811,98,5,2023-08-01 00:00:00,Movie 466,Horror
6739,98,2,2024-04-19 00:00:00,Movie 338,Comedy
6739,98,2,2024-04-19 00:00:00,Movie 466,Horror
3813,98,2,2024-04-25 00:00:00,Movie 338,Comedy
3813,98,2,2024-04-25 00:00:00,Movie 466,Horror
2027,98,2,2024-06-06 00:00:00,Movie 338,Comedy
2027,98,2,2024-06-06 00:00:00,Movie 466,Horror
155,177,4,2022-12-02 00:00:00,Movie 82,Drama
7715,177,1,2023-10-12 00:00:00,Movie 82,Drama
1410,161,2,2022-12-03 00:00:00,Movie 81,Comedy
1410,161,2,2022-12-03 00:00:00,Movie 485,Action
4870,161,3,2023-01-17 00:00:00,Movie 81,Comedy
4870,161,3,2023-01-17 00:00:00,Movie 485,Action
5645,161,3,2023-05-22 00:00:00,Movie 81,Comedy
5645,161,3,2023-05-22 00:00:00,Movie 485,Action
8097,854,2,2022-12-05 00:00:00,Movie 239,Sci-Fi
256,854,4,2023-10-16 00:00:00,Movie 239,Sci-Fi
7561,710,4,2022-12-06 00:00:00,Movie 78,Horror
7561,710,4,2022-12-06 00:00:00,Movie 412,Sci-Fi
4633,710,4,2024-04-05 00:00:00,Movie 78,Horror
4633,710,4,2024-04-05 00:00:00,Movie 412,Sci-Fi
5597,723,1,2022-12-09 00:00:00,Movie 113,Romance
8809,723,2,2023-04-24 00:00:00,Movie 113,Romance
4720,723,5,2023-12-12 00:00:00,Movie 113,Romance
538,498,2,2022-12-12 00:00:00,Movie 378,Drama
538,498,2,2022-12-12 00:00:00,Movie 444,Action
1688,498,1,2023-03-30 00:00:00,Movie 378,Drama
1688,498,1,2023-03-30 00:00:00,Movie 444,Action
5987,714,3,2022-12-13 00:00:00,Movie 243,Horror
5626,237,5,2022-12-17 00:00:00,Movie 258,Comedy
5316,237,1,2023-01-16 00:00:00,Movie 258,Comedy
7993,677,4,2022-12-19 00:00:00,Movie 285,Comedy
4361,677,5,2023-06-05 00:00:00,Movie 285,Comedy
4781,769,2,2022-12-20 00:00:00,Movie 25,Comedy
4781,769,2,2022-12-20 00:00:00,Movie 105,Comedy
4781,769,2,2022-12-20 00:00:00,Movie 126,Sci-Fi
5388,769,2,2023-04-07 00:00:00,Movie 25,Comedy
5388,769,2,2023-04-07 00:00:00,Movie 105,Comedy
5388,769,2,2023-04-07 00:00:00,Movie 126,Sci-Fi
4947,769,4,2023-06-09 00:00:00,Movie 25,Comedy
4947,769,4,2023-06-09 00:00:00,Movie 105,Comedy
4947,769,4,2023-06-09 00:00:00,Movie 126,Sci-Fi
717,769,1,2023-11-24 00:00:00,Movie 25,Comedy
717,769,1,2023-11-24 00:00:00,Movie 105,Comedy
717,769,1,2023-11-24 00:00:00,Movie 126,Sci-Fi
6950,769,5,2023-12-20 00:00:00,Movie 25,Comedy
6950,769,5,2023-12-20 00:00:00,Movie 105,Comedy
6950,769,5,2023-12-20 00:00:00,Movie 126,Sci-Fi
2369,775,2,2022-12-21 00:00:00,Movie 202,Action
852,775,5,2023-03-29 00:00:00,Movie 202,Action
4496,676,1,2022-12-24 00:00:00,Movie 331,Comedy
9164,152,3,2022-12-25 00:00:00,Movie 461,Sci-Fi
7831,152,1,2024-01-24 00:00:00,Movie 461,Sci-Fi
6003,4,3,2022-12-26 00:00:00,Movie 266,Romance
854,305,3,2022-12-30 00:00:00,Movie 118,Horror
6485,305,3,2023-03-09 00:00:00,Movie 118,Horror
1277,305,2,2024-03-01 00:00:00,Movie 118,Horror
6294,281,1,2023-01-04 00:00:00,Movie 259,Sci-Fi
1907,281,4,2024-01-21 00:00:00,Movie 259,Sci-Fi
3125,984,4,2023-01-11 00:00:00,Movie 166,Horror
9447,984,2,2024-08-21 00:00:00,Movie 166,Horror
3052,318,4,2023-01-13 00:00:00,Movie 114,Comedy
3052,318,4,2023-01-13 00:00:00,Movie 400,Comedy
1461,318,5,2023-11-13 00:00:00,Movie 114,Comedy
1461,318,5,2023-11-13 00:00:00,Movie 400,Comedy
5223,825,2,2023-01-15 00:00:00,Movie 34,Romance
5223,825,2,2023-01-15 00:00:00,Movie 296,Romance
4143,940,5,2023-01-21 00:00:00,Movie 235,Action
9763,940,3,2024-07-04 00:00:00,Movie 235,Action
8555,940,3,2024-09-22 00:00:00,Movie 235,Action
6967,693,2,2023-01-22 00:00:00,Movie 321,Action
4612,693,4,2023-03-23 00:00:00,Movie 321,Action
9818,693,1,2023-04-21 00:00:00,Movie 321,Action
8718,693,4,2024-03-06 00:00:00,Movie 321,Action
6800,620,2,2023-01-25 00:00:00,Movie 463,Sci-Fi
1694,82,3,2023-01-28 00:00:00,Movie 213,Drama
2636,82,4,2024-07-02 00:00:00,Movie 213,Drama
831,471,4,2023-02-01 00:00:00,Movie 223,Action
9562,42,5,2023-02-03 00:00:00,Movie 279,Sci-Fi
9562,42,5,2023-02-03 00:00:00,Movie 373,Drama
3673,144,5,2023-02-18 00:00:00,Movie 122,Comedy
2915,144,2,2023-05-23 00:00:00,Movie 122,Comedy
4071,73,2,2023-02-21 00:00:00,Movie 364,Romance
5469,73,2,2024-07-09 00:00:00,Movie 364,Romance
8131,910,1,2023-02-25 00:00:00,Movie 195,Horror
1680,744,3,2023-02-28 00:00:00,Movie 335,Sci-Fi
7562,744,4,2024-04-10 00:00:00,Movie 335,Sci-Fi
9436,201,4,2023-03-04 00:00:00,Movie 261,Action
9436,201,4,2023-03-04 00:00:00,Movie 360,Horror
5189,25,4,2023-03-05 00:00:00,Movie 75,Romance
5189,25,4,2023-03-05 00:00:00,Movie 374,Horror
7588,25,5,2023-05-03 00:00:00,Movie 75,Romance
7588,25,5,2023-05-03 00:00:00,Movie 374,Horror
9577,25,3,2023-08-17 00:00:00,Movie 75,Romance
9577,25,3,2023-08-17 00:00:00,Movie 374,Horror
6820,25,4,2023-09-25 00:00:00,Movie 75,Romance
6820,25,4,2023-09-25 00:00:00,Movie 374,Horror
4301,25,4,2024-01-18 00:00:00,Movie 75,Romance
4301,25,4,2024-01-18 00:00:00,Movie 374,Horror
1606,25,3,2024-04-29 00:00:00,Movie 75,Romance
1606,25,3,2024-04-29 00:00:00,Movie 374,Horror
2142,436,5,2023-03-06 00:00:00,Movie 48,Comedy
8990,436,2,2023-10-21 00:00:00,Movie 48,Comedy
5882,983,1,2023-03-14 00:00:00,Movie 33,Sci-Fi
5882,983,1,2023-03-14 00:00:00,Movie 167,Sci-Fi
5882,983,1,2023-03-14 00:00:00,Movie 473,Romance
6666,599,1,2023-03-15 00:00:00,Movie 290,Comedy
3473,599,2,2024-01-10 00:00:00,Movie 290,Comedy
6091,599,2,2024-01-27 00:00:00,Movie 290,Comedy
9946,599,2,2024-02-20 00:00:00,Movie 290,Comedy
877,599,3,2024-04-24 00:00:00,Movie 290,Comedy
6906,489,3,2023-03-18 00:00:00,Movie 421,Sci-Fi
9208,489,1,2023-03-21 00:00:00,Movie 421,Sci-Fi
1620,489,5,2024-06-17 00:00:00,Movie 421,Sci-Fi
2490,133,4,2023-03-19 00:00:00,Movie 7,Action
9541,537,4,2023-03-22 00:00:00,Movie 56,Horror
9541,537,4,2023-03-22 00:00:00,Movie 414,Horror
7669,537,3,2023-04-28 00:00:00,Movie 56,Horror
7669,537,3,2023-04-28 00:00:00,Movie 414,Horror
4165,537,4,2024-01-15 00:00:00,Movie 56,Horror
4165,537,4,2024-01-15 00:00:00,Movie 414,Horror
7042,537,5,2024-06-14 00:00:00,Movie 56,Horror
7042,537,5,2024-06-14 00:00:00,Movie 414,Horror
6834,216,1,2023-03-31 00:00:00,Movie 402,Horror
5053,546,3,2023-04-04 00:00:00,Movie 495,Action
2739,516,5,2023-04-05 00:00:00,Movie 479,Sci-Fi
7942,516,3,2024-01-16 00:00:00,Movie 479,Sci-Fi
9353,516,3,2024-05-05 00:00:00,Movie 479,Sci-Fi
4108,957,1,2023-04-14 00:00:00,Movie 392,Horror
6191,957,4,2024-02-23 00:00:00,Movie 392,Horror
8946,670,5,2023-04-17 00:00:00,Movie 116,Romance
5125,670,3,2023-10-24 00:00:00,Movie 116,Romance
8968,151,5,2023-04-19 00:00:00,Movie 204,Sci-Fi
4545,151,3,2023-11-27 00:00:00,Movie 204,Sci-Fi
6768,151,5,2024-05-01 00:00:00,Movie 204,Sci-Fi
418,420,3,2023-04-22 00:00:00,Movie 31,Romance
1532,420,2,2024-03-19 00:00:00,Movie 31,Romance
7668,420,3,2024-08-16 00:00:00,Movie 31,Romance
8307,613,4,2023-04-23 00:00:00,Movie 27,Action
8307,613,4,2023-04-23 00:00:00,Movie 388,Drama
4433,613,2,2024-02-29 00:00:00,Movie 27,Action
4433,613,2,2024-02-29 00:00:00,Movie 388,Drama
3975,713,4,2023-04-25 00:00:00,Movie 365,Action
5162,713,2,2023-06-23 00:00:00,Movie 365,Action
10,713,4,2023-10-19 00:00:00,Movie 365,Action
3268,250,5,2023-04-26 00:00:00,Movie 434,Sci-Fi
2505,919,4,2023-05-08 00:00:00,Movie 430,Action
2540,919,4,2023-07-08 00:00:00,Movie 430,Action
5450,919,1,2024-01-11 00:00:00,Movie 430,Action
2787,594,4,2023-05-10 00:00:00,Movie 448,Action
4080,53,2,2023-05-12 00:00:00,Movie 234,Action
7571,53,1,2024-02-08 00:00:00,Movie 234,Action
5074,906,2,2023-05-14 00:00:00,Movie 306,Action
5967,906,4,2024-05-16 00:00:00,Movie 306,Action
2144,576,1,2023-05-16 00:00:00,Movie 315,Romance
6807,12,5,2023-05-18 00:00:00,Movie 399,Comedy
4965,12,3,2023-09-30 00:00:00,Movie 399,Comedy
8018,12,4,2023-12-23 00:00:00,Movie 399,Comedy
3745,12,5,2024-06-07 00:00:00,Movie 399,Comedy
8788,328,1,2023-05-26 00:00:00,Movie 170,Comedy
7401,75,1,2023-06-02 00:00:00,Movie 58,Sci-Fi
7401,75,1,2023-06-02 00:00:00,Movie 274,Romance
4325,75,3,2024-05-09 00:00:00,Movie 58,Sci-Fi
4325,75,3,2024-05-09 00:00:00,Movie 274,Romance
3229,75,2,2024-09-07 00:00:00,Movie 58,Sci-Fi
3229,75,2,2024-09-07 00:00:00,Movie 274,Romance
2503,180,5,2023-06-06 00:00:00,Movie 77,Action
7267,119,1,2023-06-13 00:00:00,Movie 224,Romance
4492,414,1,2023-06-14 00:00:00,Movie 496,Sci-Fi
2191,414,1,2024-08-01 00:00:00,Movie 496,Sci-Fi
7193,853,1,2023-06-15 00:00:00,Movie 278,Drama
7652,955,1,2023-06-17 00:00:00,Movie 69,Action
7652,955,1,2023-06-17 00:00:00,Movie 390,Comedy
2552,955,4,2024-05-19 00:00:00,Movie 69,Action
2552,955,4,2024-05-19 00:00:00,Movie 390,Comedy
3637,835,5,2023-06-18 00:00:00,Movie 165,Romance
4269,835,4,2023-08-08 00:00:00,Movie 165,Romance
8011,89,5,2023-07-02 00:00:00,Movie 416,Romance
7242,251,5,2023-07-06 00:00:00,Movie 497,Action
7057,478,2,2023-07-09 00:00:00,Movie 383,Comedy
1192,168,4,2023-07-12 00:00:00,Movie 300,Action
6314,644,5,2023-07-13 00:00:00,Movie 139,Sci-Fi
4313,644,3,2023-07-26 00:00:00,Movie 139,Sci-Fi
8916,644,3,2024-05-26 00:00:00,Movie 139,Sci-Fi
6939,482,1,2023-07-14 00:00:00,Movie 359,Sci-Fi
7805,482,5,2024-07-27 00:00:00,Movie 359,Sci-Fi
9410,781,1,2023-07-16 00:00:00,Movie 499,Horror
7313,781,2,2023-10-05 00:00:00,Movie 499,Horror
1541,866,1,2023-07-17 00:00:00,Movie 385,Drama
9581,356,2,2023-07-20 00:00:00,Movie 5,Comedy
9581,356,2,2023-07-20 00:00:00,Movie 280,Comedy
9274,356,3,2023-08-13 00:00:00,Movie 5,Comedy
9274,356,3,2023-08-13 00:00:00,Movie 280,Comedy
5349,356,5,2023-09-03 00:00:00,Movie 5,Comedy
5349,356,5,2023-09-03 00:00:00,Movie 280,Comedy
8703,891,2,2023-07-24 00:00:00,Movie 111,Sci-Fi
2394,891,2,2024-02-18 00:00:00,Movie 111,Sci-Fi
6589,327,2,2023-08-02 00:00:00,Movie 104,Action
7044,327,5,2024-01-07 00:00:00,Movie 104,Action
4187,380,5,2023-08-05 00:00:00,Movie 152,Drama
7240,380,2,2023-11-30 00:00:00,Movie 152,Drama
4749,493,4,2023-08-09 00:00:00,Movie 487,Drama
4911,493,4,2023-09-01 00:00:00,Movie 487,Drama
6620,643,3,2023-08-14 00:00:00,Movie 145,Sci-Fi
4189,643,2,2024-02-05 00:00:00,Movie 145,Sci-Fi
8648,701,5,2023-08-15 00:00:00,Movie 101,Action
5416,701,5,2024-07-06 00:00:00,Movie 101,Action
9511,701,2,2024-07-25 00:00:00,Movie 101,Action
2106,59,2,2023-08-28 00:00:00,Movie 246,Action
6317,59,4,2023-08-30 00:00:00,Movie 246,Action
6191,78,3,2023-09-05 00:00:00,Movie 184,Horror
250,78,4,2023-12-02 00:00:00,Movie 184,Horror
524,78,4,2024-02-17 00:00:00,Movie 184,Horror
3487,106,2,2023-09-09 00:00:00,Movie 12,Action
2473,106,4,2024-04-20 00:00:00,Movie 12,Action
3585,876,1,2023-09-10 00:00:00,Movie 70,Romance
8550,876,2,2023-09-20 00:00:00,Movie 70,Romance
7115,867,2,2023-09-17 00:00:00,Movie 236,Horror
4034,867,5,2024-08-06 00:00:00,Movie 236,Horror
4836,976,5,2023-10-01 00:00:00,Movie 411,Drama
9766,976,2,2024-06-01 00:00:00,Movie 411,Drama
5321,593,1,2023-10-06 00:00:00,Movie 242,Horror
1839,817,3,2023-10-18 00:00:00,Movie 391,Horror
7410,11,1,2023-10-22 00:00:00,Movie 329,Comedy
8670,11,5,2024-08-20 00:00:00,Movie 329,Comedy
2194,310,2,2023-10-26 00:00:00,Movie 337,Comedy
8416,310,1,2023-10-27 00:00:00,Movie 337,Comedy
8173,310,1,2024-03-20 00:00:00,Movie 337,Comedy
385,604,3,2023-11-07 00:00:00,Movie 13,Comedy
385,604,3,2023-11-07 00:00:00,Movie 178,Horror
6377,604,3,2024-02-16 00:00:00,Movie 13,Comedy
6377,604,3,2024-02-16 00:00:00,Movie 178,Horror
126,604,2,2024-04-04 00:00:00,Movie 13,Comedy
126,604,2,2024-04-04 00:00:00,Movie 178,Horror
2561,604,1,2024-07-05 00:00:00,Movie 13,Comedy
2561,604,1,2024-07-05 00:00:00,Movie 178,Horror
8390,604,1,2024-08-11 00:00:00,Movie 13,Comedy
8390,604,1,2024-08-11 00:00:00,Movie 178,Horror
7784,604,5,2024-09-24 00:00:00,Movie 13,Comedy
7784,604,5,2024-09-24 00:00:00,Movie 178,Horror
9861,998,1,2023-11-11 00:00:00,Movie 287,Sci-Fi
5990,381,5,2023-11-12 00:00:00,Movie 208,Action
7141,726,1,2023-11-15 00:00:00,Movie 22,Action
8259,726,4,2024-04-11 00:00:00,Movie 22,Action
3637,751,2,2023-11-16 00:00:00,Movie 349,Drama
2591,751,1,2024-05-07 00:00:00,Movie 349,Drama
4179,54,5,2023-11-18 00:00:00,Movie 171,Horror
6601,575,3,2023-11-20 00:00:00,Movie 54,Comedy
8906,575,1,2024-03-29 00:00:00,Movie 54,Comedy
2049,646,5,2023-11-22 00:00:00,Movie 298,Drama
1066,646,2,2024-07-23 00:00:00,Movie 298,Drama
5566,188,4,2023-11-26 00:00:00,Movie 464,Drama
3420,767,2,2023-11-29 00:00:00,Movie 169,Action
771,602,1,2023-12-04 00:00:00,Movie 57,Romance
7902,61,3,2023-12-09 00:00:00,Movie 370,Comedy
6230,61,2,2024-04-02 00:00:00,Movie 370,Comedy
6545,934,4,2023-12-11 00:00:00,Movie 229,Comedy
6545,934,4,2023-12-11 00:00:00,Movie 282,Horror
1203,934,1,2024-08-13 00:00:00,Movie 229,Comedy
1203,934,1,2024-08-13 00:00:00,Movie 282,Horror
2815,426,1,2023-12-13 00:00:00,Movie 488,Horror
6899,426,1,2024-09-15 00:00:00,Movie 488,Horror
6997,222,4,2023-12-16 00:00:00,Movie 135,Horror
6882,874,3,2023-12-19 00:00:00,Movie 292,Comedy
7864,874,1,2024-09-06 00:00:00,Movie 292,Comedy
4262,44,4,2023-12-28 00:00:00,Movie 389,Horror
3580,102,1,2024-01-13 00:00:00,Movie 384,Drama
5570,365,5,2024-01-17 00:00:00,Movie 358,Romance
8473,365,2,2024-02-01 00:00:00,Movie 358,Romance
5586,365,3,2024-02-11 00:00:00,Movie 358,Romance
9912,424,4,2024-01-31 00:00:00,Movie 123,Romance
5125,871,2,2024-02-10 00:00:00,Movie 144,Horror
3901,292,1,2024-02-13 00:00:00,Movie 322,Sci-Fi
2594,466,4,2024-02-19 00:00:00,Movie 415,Action
5402,466,3,2024-04-22 00:00:00,Movie 415,Action
5812,386,5,2024-03-02 00:00:00,Movie 60,Romance
5812,386,5,2024-03-02 00:00:00,Movie 221,Romance
303,734,3,2024-03-03 00:00:00,Movie 231,Sci-Fi
5123,339,3,2024-03-13 00:00:00,Movie 403,Sci-Fi
1063,937,1,2024-03-30 00:00:00,Movie 52,Horror
7642,799,5,2024-04-03 00:00:00,Movie 14,Sci-Fi
4207,85,5,2024-04-15 00:00:00,Movie 205,Sci-Fi
7944,986,5,2024-04-17 00:00:00,Movie 471,Horror
2833,986,1,2024-06-20 00:00:00,Movie 471,Horror
2740,429,3,2024-04-21 00:00:00,Movie 119,Comedy
7490,915,4,2024-05-13 00:00:00,Movie 209,Drama
4290,711,4,2024-05-21 00:00:00,Movie 428,Drama
1918,711,5,2024-06-03 00:00:00,Movie 428,Drama
4226,711,4,2024-09-12 00:00:00,Movie 428,Drama
6234,947,5,2024-05-31 00:00:00,Movie 137,Horror
5409,947,4,2024-08-19 00:00:00,Movie 137,Horror
4235,935,5,2024-06-04 00:00:00,Movie 452,Sci-Fi
9445,935,5,2024-07-12 00:00:00,Movie 452,Sci-Fi
9866,944,2,2024-06-12 00:00:00,Movie 198,Comedy
2220,952,5,2024-06-13 00:00:00,Movie 112,Drama
1343,120,4,2024-06-19 00:00:00,Movie 186,Drama
1995,200,1,2024-06-22 00:00:00,Movie 413,Action
9311,130,3,2024-06-24 00:00:00,Movie 316,Romance
1605,709,4,2024-06-26 00:00:00,Movie 217,Comedy
8163,991,2,2024-07-03 00:00:00,Movie 405,Comedy
5952,407,5,2024-07-08 00:00:00,Movie 24,Drama
8008,127,5,2024-07-10 00:00:00,Movie 11,Comedy
9507,361,1,2024-07-15 00:00:00,Movie 94,Horror
601,342,1,2024-07-22 00:00:00,Movie 98,Comedy
601,342,1,2024-07-22 00:00:00,Movie 293,Romance
2713,552,4,2024-08-03 00:00:00,Movie 256,Horror
5743,524,1,2024-08-17 00:00:00,Movie 386,Romance
923,526,4,2024-08-22 00:00:00,Movie 254,Horror
923,526,4,2024-08-22 00:00:00,Movie 459,Action
1121,936,3,2024-08-25 00:00:00,Movie 40,Sci-Fi
1121,936,3,2024-08-25 00:00:00,Movie 470,Horror
951,982,3,2024-08-26 00:00:00,Movie 481,Romance
6360,278,1,2024-09-05 00:00:00,Movie 263,Sci-Fi
3720,683,2,2024-09-08 00:00:00,Movie 3,Comedy
2892,149,1,2024-09-10 00:00:00,Movie 326,Sci-Fi
6167,958,5,2024-09-19 00:00:00,Movie 356,Horror
